EnrollmentId,student_id,Course ID,EnrollDate,Status
efede7bb-5909-47d6-8353-b9e48aa2f756,c125798e-9bd6-4690-a8f9-4c8806a76b07,560.0,2025/03/12,active
e84e9da0-d402-4243-ac35-fb0c561266fb,97491088-c0d9-48e7-8f6c-214343355860,462.0,04-10-2023,completed
b9cd213b-5748-418a-8700-1750c1db480a,dda1497a-6f1f-4af1-9f1c-9fd4d4490964,833.0,2024/03/16,Completed
bc441fbc-edb6-4854-baae-905cc8594dfb,1bf53332-ceb1-4cd3-8e9f-52f7c09d557f,304.0,2024/06/21,active
eeb687c3-b8a6-4bf6-b3d5-4f3e635b36bd,fdab0afa-dbc7-445d-8994-41c5ad8f6932,838.0,16-04-2025,Completed
929614b5-6c80-43b7-b6a8-1a2788e61f32,84d77929-c4dd-4e54-917c-4f11b81ed083,386.0,2023/11/07,active
77a319c6-619c-4a06-b5d6-8c8f299ccd73,3cfc7050-ecb6-47a2-be1b-e3e9bee1dc65,391.0,30-07-2023,active
ccb1dc1e-47db-46a2-83e3-0f78e85fda55,15e5be78-463e-4bb3-b372-96a2aebeca58,255.0,2023/10/30,droped
56688530-4bbb-4e9a-8af5-3d42c5767c74,9d94813f-09e2-48a7-a504-95b5923278bf,881.0,2023/11/18,Active
4021a347-a8c3-4b25-84cc-a0575c9808f4,c58536b7-cf6d-4a9d-a72d-0bf4c84d16c0,828.0,2024/08/03,Completed
91855abd-4e90-4e4a-9fd2-8b9e0328a80d,43b76bf2-d604-453c-922c-5c44a928a5b2,333.0,2025/02/05,Dropped
046b96f9-7675-4903-b19d-722f2dc4d065,09791408-7768-4441-8245-59a5709de505,243.0,2024/01/22,Completed
8e7de390-d825-4478-a343-21bf7aeee7df,945eb87f-0eff-4a6b-a89a-b92d37c486a1,624.0,2025/04/17,droped
9c3e7d79-e5a4-41b4-86c5-24a5145d2f7e,10652764-f40b-4779-9064-0ae68d2bb00b,389.0,26-03-2024,droped
c96782fb-c417-4ebd-820c-be742e07a11f,7eb3a98f-de7a-49b4-8271-441846b1654a,262.0,26-07-2023,Completed
259b5aea-2cab-49ad-a15d-d7c43a38204b,0cb140ed-a7ee-4f23-9e31-ecfddf0987e9,885.0,2023/10/16,Dropped
2f2b5e31-09db-40a9-a793-eb811d4c5eb7,70b81530-dc4e-457f-81b8-5934af378cf9,689.0,2024/07/12,Completed
,b6ecb84e-f3a2-4c1d-8f91-6e973a5b171c,,2023/11/06,completed
adaad2f9-0420-421e-81e7-ebbaf9ac1a4f,5a742a53-d972-4236-9b84-7c06d84d6427,645.0,11-06-2024,droped
3c1517fc-99bf-48ed-8b73-a040b7e3c615,81c6af40-13d5-4c4f-9bf2-235c5987e1e6,690.0,28-03-2024,Active
3caaa31e-13d3-4726-82d3-39481cf98855,5f116839-9203-4fc2-9366-e938343c1752,140.0,2025/01/22,completed
1246d2a5-6a7c-4d08-ae57-14e8d29c0131,4878383a-e037-4953-ad2d-7cb9a452b559,306.0,2023/08/08,Active
c9c52567-9b62-4c0a-9398-2922065262a2,687bb3ce-f9a0-43be-95c1-a0d95c3bc3e5,240.0,2025/03/16,Completed
f14656f1-787e-406b-9fed-5cb7a6e80b4f,07f9ee87-9f35-495d-8b47-b715f9375fff,313.0,2023/08/21,Active
ee28b2f4-4a76-40ea-8b6b-99445e4908c8,06897b1c-975a-4e69-a970-7c9e266a8b90,195.0,10-07-2023,Active
5027b309-cedb-4488-b623-87b49be9ec86,bdf68eb0-c7e7-4797-b73c-91ca82c3892b,867.0,2024/05/17,active
5813d72f-b67c-42ac-94dc-4c97c8914d99,d4aa826d-60fb-434c-b701-a2fdf09fe5ab,214.0,,Completed
266b4b6d-b9ec-48ff-a835-0a400858714d,a632c350-ff71-4ff4-833a-8761618f178a,417.0,2023/06/18,Dropped
ef7e1940-f568-4574-93ca-aeb6f486a251,80e51b3d-90be-45ee-b97e-241dfe08a540,759.0,2024/07/08,completed
6b074c79-bbe4-4aa7-8c58-fff0a15cf032,d8fbfda5-1f09-4d6b-bba8-e16689f9c43e,967.0,01-03-2025,Active
9b6b0992-0d2a-4d7a-8c57-32f2871b0b1f,8534bd76-8642-4a80-a8c1-2f2278ea904d,710.0,2024/03/26,Completed
d604ae9f-31ed-40f5-84e9-28ac5122f001,3e78af27-e93b-4a3b-8b06-53e293432c76,631.0,30-12-2023,active
fa3bc921-c484-4743-8c8b-a7603e3a0dfc,5097ce46-74b0-4243-bb1b-a7235ca9bc53,513.0,2024/11/20,active
3db538c9-b16d-4da7-9d8b-f69bf8ef0017,e1568ad3-f525-4556-bb98-abdf71ec02ad,135.0,02-03-2024,active
8f7a1e43-5a1b-49db-9466-91895ca43e71,5cbf7ee6-ea25-4d83-9391-d18a8171d955,273.0,07-09-2024,Active
72ef917e-3af8-44f2-9aef-9aec7bf18cf4,91c069ee-3ad1-448f-ab39-c4dcc94b3a6f,587.0,2025/01/20,droped
ecfbc936-2012-4ebb-bc9b-519ad3a81c4f,e8c5a3b0-c6c5-4054-beb4-a52789a1321d,100.0,2024/02/29,completed
235d2722-aa78-48aa-95b2-868bac92275a,49714ec3-cbbd-4732-82a1-a4299b050a6c,728.0,09-01-2024,Dropped
6893a38a-14dd-4314-9e32-e3e150581a4a,25fd72f4-fbb6-4ff7-8149-61366bc822f4,627.0,09-07-2024,active
c5cc0fb0-e1a6-4208-a1f4-06277e83e815,e05c1fb9-2e0e-44aa-a65e-0ac332b6f533,729.0,05-04-2024,Dropped
6b2b0c27-1eec-4480-aab1-803803f89c7b,b61d1f43-8df8-4ff9-83f8-6f2d436c9e18,784.0,2025/04/10,Active
205b9db8-19da-4534-be2b-adee7848c332,6e718848-d577-4131-88b9-2ed4de94da10,854.0,07-05-2023,Completed
12b1178b-fd6c-47e3-aabc-4b2fb0a6e457,8780d6ca-ddeb-48d4-83d0-4bac21e38238,114.0,01-04-2025,Active
5ab7d8b2-6c1f-42fc-a77d-9bec635b729c,8e93abd2-b269-4b43-a6fe-47b320a0c244,595.0,23-10-2023,droped
5639117a-1e78-4a02-8b1b-bb3ab6448d24,562e121f-e5fa-455d-9320-8f77e5bdbb3e,369.0,21-07-2024,Dropped
fe7f9299-1b96-4e81-9ddb-6fea9bd7871c,bd1e9dd8-12e1-425b-8b94-b2abb8e0c2e1,290.0,2025/04/03,Completed
e921f231-72ea-4e11-b32d-e5305ade80d4,bd9e5993-7323-4f23-a17e-34b068ac039c,631.0,2025/01/26,active
7a239f3c-c1f6-428b-8a0e-fbe56f8963b3,2ef6a152-bbc2-4de6-a275-8233b33aa6b9,568.0,01-11-2024,completed
d1f2789b-ea95-4113-96ed-4815c415ac73,26fa466b-1573-4a73-8266-557cefc66c4c,666.0,14-03-2025,droped
5eb00e6f-97d2-4300-97f3-1baf01fe1d86,611eb15c-741a-4b09-a63f-63eaac852cc7,623.0,23-12-2023,Active
b8f7ef48-8238-4358-ad3d-ab8a70473d9d,c5e3be15-f1dc-4270-8780-2d60968c77f1,255.0,03-07-2023,completed
57537534-7e48-4b1c-8c1f-088f3b759faa,e5b58f30-8486-4583-906a-e95d0c5c9940,270.0,30-05-2024,Dropped
ed944378-d814-4be0-821b-390c946f9f07,62524390-52a3-469d-8906-9da96d3b867c,869.0,2023/12/22,completed
24a887a1-f419-48cd-adac-a88bc1de6d58,bc106ec9-f1ee-4895-9061-76b30abc36fc,499.0,2025/03/04,Completed
6e37b721-35ef-4b60-bb21-d347fd3c902a,e12c6678-933c-4b76-873b-ccd484e6078f,176.0,2024/08/09,Dropped
48e80f79-58eb-4462-9976-a39a507a61a9,461aef63-49b0-46e5-9e59-5d1f2a6445d3,520.0,2024/04/30,Active
2b589b3f-e2a6-4e3c-b940-093a705cd91e,4269f091-eaed-4ed7-b06f-bb0f49d9bf73,705.0,2024/08/01,completed
3b4f068e-ecad-422d-9b2a-a4e4c0e354e7,1891e25c-2418-47fd-8754-3604aa9b64ba,699.0,26-09-2023,Active
c13ed0d3-823a-4b12-96ba-f0f28d5a9549,e70cf274-9930-400a-8700-6af32b39e995,220.0,19-05-2023,droped
89b4db80-8a32-484a-a401-461af5b92b3c,7d058c07-01b4-4dfc-b1f4-36eacc8abd69,227.0,2025/01/24,Dropped
34010b60-5e9a-45cf-8699-576dd288b06a,9237e145-f2a8-4faa-b11a-31f5482680f9,490.0,2024/03/15,Completed
204d3f55-8559-4d77-b1e0-07b0bb6a3647,eb01bba7-4b81-4a84-b42f-790ed4bee4e4,986.0,2023/07/13,active
d84126ac-eb4f-4efb-b4d1-880bb75c3825,6ea8fb32-e38d-4fb0-b1c4-87bc1eb46d3b,985.0,2024/05/06,Completed
230681aa-dd50-4d6b-963c-b5294357ac51,ab30f1b1-bb4c-4947-8748-b576fe3a4f96,386.0,2023/07/18,Dropped
143dbd6c-cdbb-4c1f-9a8d-785ef7eba7e9,ba345e82-38f1-41ab-8b17-0945be88f8e4,465.0,15-06-2023,Completed
55d8a81a-81ce-420e-a81f-45ff53bddb05,bc4b2732-a170-420c-b416-386b46af040d,781.0,2024/05/21,droped
b4f17ca9-12f7-46d1-86ec-757fac0d8818,ecbb1aac-e46b-489a-9097-621ab01cad4e,491.0,18-05-2023,Dropped
b481acde-eeaf-4b56-99b6-5b6b6ef1d60c,30bdf7be-5149-4675-8573-b517cb508544,882.0,2025/01/31,Dropped
e0a8a8af-d66f-4fff-a93f-d7ec8ee43f7f,a26e67da-f2fd-4085-891f-73f3a046d4d3,972.0,18-08-2024,Dropped
961a9968-230a-47e5-bef4-33df020a5c40,385fa73d-f173-46d5-9f42-eabd604f3c8d,321.0,23-09-2024,completed
26c451fd-7859-4bc6-83e9-c94c3217f93c,bbcaa210-2fe6-4a89-9059-b5947c08a960,846.0,2024/05/08,Dropped
a2807710-32d5-4d87-a1bd-1db7485873c1,842ca512-f369-4683-96b5-cf7ae0389eb7,556.0,2025/02/12,Dropped
00d190bd-36d5-487b-bfdb-b10bb9291d34,8ec7dccb-7d9d-4f75-9138-08db6f2f8411,889.0,2024/08/05,completed
09efa19b-2d98-4251-b5c1-f0273563559e,9d065ae8-4358-4e3f-b01f-90e76b0c7da5,191.0,08-02-2024,completed
a341441c-3c16-4571-957a-66e5a18af1fd,a82d4879-87cc-4d1c-bbf6-b2ad5944a69c,420.0,05-09-2023,Active
3b5d5c9c-d737-44d5-8cd3-6406e0bd6044,7c2ce385-ab00-464e-8ac8-1bdae0028f9a,925.0,2024/05/03,Active
990c2e2a-6467-40c0-a149-7b65cbf78eb1,4ba0768a-7b20-41f7-8b1d-22845b6cbb7a,618.0,2023/07/02,droped
e18258d2-f681-4b3f-9cc4-1c62380bd4cb,498a9d9d-c391-49b8-8145-217fe595e3fa,195.0,2024/03/09,Active
3f555c7d-534d-488e-b279-ec9ef8281e0b,2d1b143e-1da6-436d-acc3-f8aaa9943d14,494.0,2024/04/13,active
1d10b6f6-a91d-4cb2-91a3-d21bf4d1183f,b46f0145-65e9-4e49-b26c-887658fae8c7,351.0,2023/07/27,Active
d712288a-7bd6-4d37-a1d5-fceac610024b,99defd20-7d3a-4826-9d2f-b568ce023728,331.0,04-03-2024,completed
4a7a677b-076a-46e7-bc1f-c9aaafedc6c3,e3caa0c4-3711-42b7-81ea-b1da4496a883,958.0,07-02-2025,droped
8ff01845-0f90-4d63-a8b4-9b00c86768b2,accc1507-42f8-4fc5-92bc-b64dc59498c5,496.0,2023/12/21,completed
7123bc96-cf1c-4021-a431-5fc269464f3f,e990ff49-42bd-41c4-a60f-dc406cd9dc3f,340.0,2023/05/31,Dropped
380cfd3d-ba6a-441c-bc4a-14cf44b0703f,0bae4fc1-d18a-43ca-a2e2-575356ffdb3e,352.0,14-12-2023,droped
928fbbae-38a7-4678-a8e9-68cf72984bb6,34c993ae-8938-479c-aaa2-0c1ee028c315,946.0,2024/12/14,Dropped
f7df9baf-f2a8-4e6e-9c3d-a4eba012c6c2,21144198-5466-4ea9-9c5a-342e9d017d3c,375.0,31-07-2024,Completed
b8e3fb43-f345-44ae-8519-78bf8a2e30d6,171acd35-6112-4927-8d6a-ee300567f81f,275.0,2024/12/15,active
5a4a96ae-e987-4fb2-9552-5e11b4693821,103f3a46-8d8a-4957-8419-6c8ac44fc2a8,165.0,08-09-2024,completed
5cb27033-35e0-4dd6-84c6-2e4b0c995e2d,2830affa-fc37-437a-b2cc-f39d8914bc96,830.0,2025/01/29,Active
b7c315a2-dc16-4bae-a541-35f889238eb6,2951c8a7-cd21-4a34-8a49-ba1b3ab5a9f1,651.0,2025/03/26,droped
37328d15-69d4-45f3-94dd-528c5fb698a5,f0a4be8a-3fab-4c74-bbbb-cccc8d8e352b,884.0,2023/04/29,droped
c14fa9be-0520-4457-9871-8196093c3582,80624277-1a3e-4c71-86cc-556bf0bb1e32,893.0,22-02-2024,Dropped
282d94a3-0ad3-4361-bc22-6735ca957c2e,3ae19f9c-0634-40e6-8d2c-e7964878917a,892.0,21-08-2024,active
08a5ad03-3f4f-4031-b025-5b9dc5bcc4cd,d0207ede-1fa7-4e6b-bffa-749e45bfd2c3,191.0,2024/12/17,Dropped
2195e073-6697-4d0f-a7c0-2a5960bb380b,451ea1db-e06a-46b2-bd93-183fd17bd6cc,241.0,16-02-2025,completed
81278b86-12ea-4890-9397-477015bd18ba,bb8e37e2-c32b-4a73-b417-dee1b8dc6390,192.0,2024/03/06,completed
d48b5d0d-be1e-40bc-83c6-1e180528d309,26df7b57-eb41-4ac7-9ad8-e1cc8aacb783,869.0,2023/07/02,droped
6420b22a-cae9-450b-9693-ffd8bc6232e3,dbfb491a-9b0e-4a7e-94db-549631bc99e6,197.0,,Completed
8329bd1a-6cd6-4edf-92df-c152c8e6cd4b,46281fb8-4d59-468e-85ff-a2f2be54eceb,483.0,09-04-2024,droped
f821947c-43a7-420c-9984-93ce33e1f6f7,60679824-78ad-4182-9381-ebb3a7f2f07e,199.0,01-12-2023,droped
f785dcc1-38e5-41c4-97d2-efe76df5fa4a,7bbccb5d-474f-4205-8f9d-737568054a24,890.0,25-11-2023,Completed
81b01ca4-8880-4d17-b3ef-e892e85cc863,fe3f5662-0468-4a4a-a1e5-835e3e9f069a,912.0,2024/05/09,active
5f6bbc54-f392-460b-a4c5-ee2dba41348a,1bb9d499-b6ee-41cf-8bec-c264c3405500,202.0,04-04-2024,completed
065f5046-f9a6-4744-93ef-e8f0395c0d62,72742e76-3b6b-4cb7-856d-be2965b8a38c,498.0,31-01-2024,active
a48fc1f1-1be4-4ba9-902a-d0197a0ffa86,cf473d72-24ce-4160-951a-7dcd4f842010,937.0,2024/08/20,active
8f962ff2-186b-4a71-9569-12ddf9cf2bd2,f12d0664-dd65-4951-b52a-a2af2b5457b7,775.0,03-05-2024,active
242e3d71-1579-4c24-bffd-f8f197e9afe2,793841a9-d68b-480f-9dd2-30366737cac9,688.0,2024/05/29,Dropped
c2b579c2-910f-445d-96f3-4d9bb918a6e8,7e50a000-c474-41c0-8f16-3af83b808449,302.0,2023/10/31,Completed
567e8c74-bd92-432a-8fbb-831a696f9074,524a1652-0958-4354-a68e-81b4d5963842,674.0,2024/10/05,completed
df15e667-6812-417c-9946-601e90b84f94,358fb73f-b0bd-414f-84a5-24d9016d26d9,142.0,25-11-2024,droped
8babb414-7d1d-4494-8b71-2efd8ffa1194,a6ea0997-f5a0-4c0a-9021-d3fc7ff3e818,421.0,19-10-2023,completed
7ba5a5df-b578-4277-b61c-7a2b5263f8e0,bd5bfece-dbd0-4d57-8e07-d8fc83b1c1ec,943.0,2024/11/08,droped
6cfacecc-1ae4-47cf-abd5-c14914d8e0e6,209595a4-602c-4604-93d7-54d6b30269aa,145.0,26-11-2024,Active
bf86ad63-851a-493f-a97e-ef2f037ce599,7006a2c6-3286-4f00-aa8b-e2891f19297e,308.0,22-02-2025,Completed
e2b05055-09ff-46ab-9d19-1f64f8cf814a,a04c57f6-2bb4-4157-bec4-69d86c9734c0,104.0,2025/01/01,Completed
bfbe0892-23ce-47db-bcb8-b49d864b789a,663f730d-6b0b-4457-8c0d-c409dfcc8eb4,145.0,26-04-2023,completed
fee91972-6f7b-43e7-9e19-f0104bf7e012,e15680e9-ec06-4d73-b84e-2f114b523dc2,984.0,2024/09/25,Dropped
9d7739b2-5287-45f4-85c1-418145674f45,a674dd6b-9055-4085-9f23-4322e3b93a34,525.0,2023/08/25,Active
af5db99c-85f3-4b12-8a4a-5612243a7f53,f3b5f7d7-9d2f-4794-8d85-334734579c7f,741.0,24-10-2024,Completed
4051391c-9ac1-4d69-84f6-12df5f0a74fb,efaaf791-35eb-4106-b67f-509578dc340b,217.0,2023/12/31,droped
ff0614bb-b85a-44cd-bf2b-f0e4ed55169f,2a0b83f4-22a5-47cf-ad87-07d5da36a2b6,797.0,2024/05/30,completed
0283a43b-794f-4276-9454-1573b70f9392,267d46e7-2de1-4da4-aa92-d47b515400a6,222.0,18-04-2024,droped
016f2931-fa1b-4bac-be49-95a4112a0ef5,3303343c-300b-4e7b-b393-2fb84fd4c793,136.0,09-10-2024,active
54beb7e0-7566-4394-89a8-c57d1806699f,77fc562b-9ffe-4709-8fa4-c293183f36db,925.0,2024/07/23,Completed
a2e768d7-59b7-463f-9117-f840280d4e22,584f218a-39dd-41e1-a222-c7758f24da7e,778.0,19-08-2024,Dropped
464aea48-3150-460d-ad89-82c2039dfd70,de3b5a64-e958-4430-921c-f64348c08457,449.0,2024/03/15,completed
5e05b8b1-4e45-4736-bab4-eb77959fb841,ef2ecdc9-673c-484b-8459-61729fdf4b1b,489.0,2023/11/02,Active
a8cc5023-a43f-4af0-8a80-16fe8fa50e32,27051d96-97b7-42b3-93d5-79ae33dcd09c,549.0,2023/07/07,Active
2da6b974-47ad-41dd-b768-b54abb0c686a,206faddb-1a31-487e-904c-01a1434fe133,660.0,27-12-2024,active
c41c233d-a513-464e-965a-693e85b69e95,c5a06501-935e-4c27-9485-60db6208c875,273.0,2025/02/09,Active
f776f4e8-46f9-4964-9ad2-8c4a9798739e,,103.0,2024/09/19,active
2b088fcd-3595-4ffd-b931-30cee8c347d0,fd34d21e-3b59-475e-888a-9a7400af085d,658.0,2023/10/04,Dropped
9d6ba3b5-cda8-48b5-adf6-cca41761f1ce,79b8023d-2a31-49ba-a4b1-7e4525807a2c,866.0,2025/02/26,completed
e55d32af-13e9-4070-92c6-456200102dc0,82ff1dad-2310-49fb-8d5c-4547f84791e0,256.0,2025/01/04,completed
78c09d8b-aa33-49bc-ace7-63e1708f75a1,c28fd8cb-8018-4536-8d74-764953bc20e0,363.0,2023/07/19,Completed
60975bc0-64ab-4035-8f65-abf93da34aca,797763fe-b4cc-4214-a2b2-15adc61f98b1,827.0,19-01-2024,Active
51251262-85a0-4af6-96b1-ba8c4fcf9f89,9afa3fb4-e21f-4167-9404-e49287db0168,531.0,2025/02/01,Completed
f20ba0c9-2a86-4922-b492-7b3536c21bc3,b61ae1b0-4719-41a8-9567-2214a23ebe36,781.0,07-08-2023,Dropped
710fc415-8f7c-4071-afef-2c5dd7021edd,4023539b-c9f9-4d37-b1f2-0ebf7d76c495,775.0,2024/10/02,droped
6f774027-e656-4fbc-8ed2-de161ec80917,0679c4f2-2d92-48a4-9922-5b53a6ef8273,414.0,19-02-2025,droped
c54f87ad-7750-4fbb-9af9-ae1b5d9dacbd,6c905f13-ba7e-4b51-9892-e71aab87aea4,893.0,2023/10/02,Active
ff7661bb-e054-4ba1-8f4e-a9209df20554,61e8baa5-30e4-441b-b07c-fca7ebacd8e1,629.0,2024/02/03,Active
fed50d6b-bf64-44b6-aee5-b33e2dd34f8e,5c69ee49-712c-4126-b222-504f02bb6d94,863.0,31-05-2024,droped
4f75c3d1-9610-4189-816f-f44c31e43850,5e6e187a-e939-4790-9817-7e4a5415668e,579.0,30-03-2025,Completed
03539b9a-ebeb-4d98-80b7-10a640f66fde,a5b01639-0895-4db1-85e5-26e19b559178,852.0,18-11-2023,active
,40c71862-b44a-4d77-b20c-3a3ffee8acf1,154.0,17-11-2023,completed
927a72df-f89c-4d3f-8ea6-6dbfa011b8d8,b7d0c829-dcf9-4680-87ca-07d8d2c57940,960.0,2025/04/08,Completed
a1da7c7a-9b88-46ed-bf4a-91857886f504,7933ea49-2c7c-4106-bd84-55377458d92c,203.0,21-11-2024,Active
8bab9c9c-c026-4d51-a5c5-bce0dffbdc2d,5e99c568-09c7-4e3d-9a98-5b74ceb3c70f,519.0,2023/05/11,completed
27379316-b69b-4391-a4ee-8f519ce85b7d,def42b39-2d49-4235-bc77-5a20b4a4cb80,779.0,2025/02/07,active
d5853f0b-6b69-4bd2-9533-fe8221b3b264,71813890-0e59-4949-9e92-c0aed8868de4,274.0,2024/08/26,droped
18f426dd-5071-4e94-8ff4-8fe8b5e9489c,fbc053a8-4708-4f0f-8b49-0e26db9eb2e6,603.0,2025/02/09,active
bcc9c2e6-9d2f-4a3e-a7b4-f9c831b5efb0,ac0798c7-d657-4ecb-9529-885a0444c6f1,407.0,05-02-2025,Dropped
b595459d-e5d2-4eae-9104-da0ce6508af4,963ba31c-fc7c-456d-a7dd-93a52b519424,911.0,30-10-2024,Completed
03a0b96b-842e-4348-9dc2-fd9bf1bdb57b,6a97cbce-6736-49ef-aa1c-5dcaf0c7915e,273.0,2025/01/28,completed
10a0e260-0fbd-4062-ab6d-9aa8aaefdbe1,8063fce4-c2e4-4a50-9336-50db316482fe,426.0,11-08-2023,Dropped
2c2e8ba0-157e-4914-8442-4098ba9cee3d,9bc88efe-4688-4612-8b64-e782718296af,141.0,2023/09/20,completed
2c47a51f-68c4-451a-8166-356cb04fbce9,d67df90d-d795-40be-bf30-25c3a2a30071,739.0,18-04-2025,Active
8f80d1ef-4615-475c-8fa8-7a6500d35021,775c4f30-5769-4e2f-9e22-8ade59c67a52,788.0,2024/07/03,droped
90f1c7ee-160a-4654-b240-3468d60b04a9,1dc35362-1691-483a-b687-853eee265c95,450.0,2025/04/01,droped
161f77a1-bac3-4057-aeb8-6221172f0d9b,a06a7de4-9755-428f-9147-c3ba2f875748,560.0,04-05-2023,completed
02ac1c61-c9ea-45b9-ab59-97f2c447ee3f,75d9704d-5fe1-4b57-a350-676437afc63b,231.0,21-06-2023,Active
3f29d615-f178-4077-b96a-33aae09012d7,a46ee99e-ae4e-489f-9659-d69f4ecad266,897.0,,active
c17e3dc0-bf56-48b9-b0eb-0400dd558095,0da761fd-4f7c-4491-a1fa-e8a0bcf4ced1,172.0,2024/02/07,completed
476a2533-2d91-4c23-897d-d968b4b6c702,69fac666-50c7-4b31-90a6-756723f2f68f,821.0,11-10-2023,Dropped
,4b80afa6-fab1-4a12-ad57-37a0330062f1,338.0,06-11-2023,Dropped
17a85108-43b9-4b02-b089-8400b2932bfb,5d15c129-9425-4e90-9aeb-50557d692580,607.0,14-01-2024,Dropped
731dc76f-85e6-40fe-a44e-b3e1c5ba136f,d4ec494f-afe1-4845-a18a-f249d45a1de3,289.0,29-08-2023,Active
95d12c70-d5b0-4c12-b31d-40e209673567,9197107c-89b7-42ed-a7dc-3b6562bbf84c,293.0,29-09-2023,completed
58cfd966-6f11-4436-b3c2-8ec5fe66c4fa,cbd8715e-ae98-4722-8f97-b016a560c775,956.0,2023/11/29,completed
f7eefd84-b31c-4349-9799-2f42351b3e63,be3de265-d471-4d86-8d36-645980f6c26c,346.0,2024/12/25,Active
c5fe21d6-8365-42cf-973b-e22644d9ea2d,77ba69f1-37df-4dfb-821a-4d9635f1e04b,850.0,2023/11/07,Dropped
845c10ea-1d84-4e8f-ac02-e881080cfaaa,79a759de-2fb9-450b-a190-aa44a8887521,426.0,2023/08/05,droped
5f4dec1d-52af-491a-9639-e2b7779d7db4,96a0c726-a886-49fc-a0be-b85d9053317b,959.0,2025/03/19,Completed
1ac7ea5b-b387-411d-9286-f97708aa6127,e6a98352-de8c-4a13-9bdf-d4cea125151b,659.0,25-04-2023,Active
55afb783-79ba-49db-abe1-610b28a3df6e,19a7361b-e729-406f-a5db-8ca356302021,572.0,2023/09/11,Completed
29a9b2d7-4e68-4465-9ba6-2f73e9c41f0d,c0860861-2fa8-4aa4-8bf9-a66d7782e83f,529.0,05-05-2023,Completed
74d99fb1-9dda-4e36-8f29-21017062dff6,6f5a181a-b1ca-464c-9372-748497f483d6,114.0,06-11-2024,Active
3e5bd4af-d587-47a3-b93c-04f7663ab809,99d75477-5f8b-40f7-b92e-efe040a8bd6b,377.0,06-01-2024,Active
4cd82847-66b1-4859-adb5-d5e67b88e4ef,e09f6e24-edd2-4200-b884-195d0a45e44d,333.0,2023/10/17,Active
ed486d9a-e69f-4f78-af4c-113dc35f4e12,6d076774-6bc5-4cd4-9b9c-67e081c82e2b,208.0,2024/12/10,droped
66978f77-93d6-40cc-b438-291144f4d74f,831fd302-29fd-4b08-874f-645997d3d50e,922.0,2023/08/26,completed
98cb3cb4-e2f7-47ea-8cf2-fdf8ec1f5d97,862a76f2-f15e-409c-b297-fa7ff719ae43,733.0,20-09-2023,droped
c0793f64-9167-4dea-b8f1-066bf3951a45,55492107-a9d5-40dd-a140-867223b97f36,984.0,2024/12/21,Completed
17245dac-f867-4a5b-8dc5-d7d9f5bce0c0,2436c8de-c40c-4bde-8af9-19244f2c8cfd,804.0,2024/12/31,Completed
2a53dbd6-655f-4aa5-b56e-3fd6589a2b88,25c1f899-a89a-42c5-8037-42ae75e913d8,439.0,21-09-2023,Dropped
4eba12da-4d20-46cf-ac0c-ad5ce2095271,db964db1-3c76-46e5-af41-87bc1493794a,724.0,23-09-2023,Completed
3ea6ca65-b960-4f1f-9715-2d766fc1aaeb,d87db947-8e2b-4d2c-af49-63952775957e,493.0,2024/12/11,Completed
28c9d68c-7a33-48e0-8144-0fa35fcf5c27,8cc19913-7886-44f3-9993-edfe583f097d,845.0,2024/10/03,Active
e9af6d28-3665-4e1b-b2e3-3ad964e04880,d4d32808-6054-451c-ab1e-ad7478e90ae9,968.0,2024/04/12,
eabd37da-c357-4620-be24-5711b4cb1a42,517fd316-20e5-4866-a338-0b421887fa69,675.0,2024/12/01,Completed
c5f4656a-665e-44dd-a22e-c711ef6d5b4b,d1ddd3e6-487f-40f0-a5e4-b93553bd99f9,943.0,24-09-2024,droped
98d0fc61-6cb2-470b-9f68-3491baf9aa9d,58cc49bb-1258-4998-88bb-c5bb64d36090,299.0,2024/05/02,Completed
96203553-f860-458f-bd8c-c32eab7d09b2,9bc81ea5-e2b5-474d-b8c0-f0c306e2ac94,367.0,2023/09/04,Dropped
5cbe693e-5e7f-48d9-bc33-499fc4916b7f,00684d9c-d2bf-4c31-805f-6a69570078c1,894.0,05-08-2024,Completed
ea224efd-65ef-4c84-806e-6481996337aa,23593443-3ae6-4863-a544-8d5513c7f140,210.0,2024/05/11,Dropped
4d4bcdb2-3613-42a0-8b53-d4e6301ed689,62522f26-56ef-46a3-97c5-0a7c6f766a77,430.0,08-09-2024,completed
48f368ba-2697-4497-acfb-6acc2e0c5488,d23f144f-acde-4fcd-a306-57654fa3baf6,837.0,26-04-2024,Dropped
f47bffba-f561-4747-82d2-2c7408ea6671,65f17e33-29dd-4229-adf4-e3876bf6f2f7,878.0,2024/09/29,droped
77052c84-1b3f-4866-9590-42df8470f4ae,afa1ff17-58a6-4190-9527-ed08ce65050b,830.0,08-11-2024,Active
678b941f-dcca-4a71-a7e7-013919f5af3c,292fadf7-0321-44e8-8e92-05aecdb5782a,340.0,2023/12/22,completed
624d2ff7-81c8-4068-931e-5f8920f5128d,7c73a166-02f7-4979-b466-b319afb144b5,510.0,2024/09/07,Completed
6c262577-66d6-489e-ab91-e501f5bd62cd,6ccb9163-4d8e-4d5e-8df4-73bbc577d3a5,312.0,05-11-2023,completed
9a87e44d-1daf-4374-a255-80efbdf7f8f0,7344e407-e880-41f9-8d6b-4aa0ce9fbfeb,124.0,12-05-2024,active
b6472ba8-793a-450c-87ef-d8e25f717ac6,f8c5ef5c-88f7-47fb-981b-6bb755c6b8d6,991.0,2024/01/27,Dropped
fb116ab6-2dc8-4df8-8916-2eb71c968b9b,622b3588-c275-4a34-881e-40c66c8f8833,604.0,2025/02/22,active
01c7ea8b-267f-46ec-947b-7a33acba60e2,b522f610-ef26-4a84-b2bd-509b564d36b6,,20-07-2024,completed
d015f623-83d0-4e33-b296-c4c04201938b,747a2ecd-df48-46fa-ba45-e0ff9d5130ae,255.0,2024/03/21,completed
0a333eef-481e-47f3-b6fa-b8280c6d5a71,75d2fda9-7d57-4424-9e2e-7abc1f1dfed9,722.0,29-01-2024,completed
afb719ba-996d-4303-a3a0-60f10cd19e0c,5663e490-6cfa-476f-8098-7d5c5e8a35cb,556.0,2024/09/24,active
060615bf-d1b5-4519-844f-376a4bd01f7a,4b11c181-2dc1-4143-8469-8c048af190cb,995.0,2024/01/21,Dropped
531b1e76-725f-475a-847c-1fe56ac475a5,9884f76d-091e-41df-a2cf-c32d4c34f9de,574.0,14-07-2023,completed
880136fc-095f-4d43-bb5e-14d65b745fdd,2cdc1cc0-3fa6-4025-a56e-5170bd1a2704,949.0,2023/06/23,Dropped
ba0ebd56-2045-4dbd-9835-e89b88f4ca54,6e5c9ae7-7e52-422c-a207-0bf3250768f2,716.0,2025/03/12,droped
754182e8-f8cb-47ff-986b-3c2246527e16,eb34d8de-3e7d-423e-9e03-83d4b061c6ff,354.0,19-01-2025,active
bb916d1c-eea9-4156-95bd-2de2e7510ccf,755afc3d-91ae-457c-8607-f228d20b58cf,100.0,2023/05/20,Active
09cd33a6-5f6f-43c5-939b-4d731397df7e,b94ba015-fa12-4797-9bfe-970a25916ffa,533.0,2024/08/26,Completed
61c50cc8-19e3-4dbe-a1cd-2b70cffe7547,1429ef31-b9b3-40ee-baf2-be80833bde78,222.0,2024/01/06,Active
4d4ef3fa-bfcf-4645-a301-767aed6cbe79,2f160f3d-05ba-4c78-a696-dea06c2aeb89,911.0,2024/11/19,active
be209925-a724-47a6-b8ba-61b841c17233,e98f8c8a-d63c-44c0-944b-e8bce2076595,693.0,2024/03/20,Dropped
310f8eb5-cb2c-4e21-9dce-0e8cf714bab7,4d9e9bb9-feb2-4904-82cf-4e6d92262ecf,320.0,2024/08/09,Completed
cb317618-daaf-463a-8a06-3bf5839818fc,0c8033f0-cc88-4185-b1ba-d5eb3e668eb8,113.0,03-02-2024,completed
c2be7bac-3717-444b-b911-2e2292c62630,bf32dbc5-4658-4cb2-afdb-ab51ef7b80f1,373.0,2024/10/05,Active
80667038-46df-443f-af8a-eb01c73f41d2,,765.0,2025/03/25,Dropped
45ce5149-48f0-46a3-ad9f-0e532e671517,04cac3d1-3506-4337-a83d-21a9014b069c,148.0,16-12-2024,Completed
46573d38-2138-481b-a83f-18e26a11315a,ca4e5cc5-995d-455b-b662-8c4e445d9a87,480.0,24-08-2024,Dropped
398e1dc0-38a8-4b55-98de-abfe5172e4f0,38973d15-5319-4080-b581-94e004a06d55,578.0,2023/06/07,Dropped
b647d58d-ba68-4429-89af-50009c83cfae,96818aed-75ec-4661-93b4-a1d19bfc24bd,468.0,10-03-2024,Active
8a9cfc8d-5429-479b-9861-0b0ba280760f,8ec29e07-ee0c-4303-b9c1-1c4a639817e5,871.0,28-04-2023,completed
58ab766f-51d4-4c6a-9731-4c4657cb9e5b,764231c3-26da-46d1-b1c3-16bed297cb66,713.0,10-02-2025,droped
8840e78a-35ec-4514-bfbc-cd75be1924aa,63db0dea-ac48-4eaf-ab85-ffb7b29e2126,809.0,2023/11/03,droped
da2fc99b-a923-495d-8842-9e206726f5b4,a1a262d0-141f-4001-b7bc-bc1492419671,360.0,30-04-2024,Dropped
15458478-5865-4721-bc25-7ff18fb30b07,87935334-fc20-494e-bf7d-a45e35221344,849.0,2024/01/30,Completed
50b9ff30-c038-42d0-8ab4-ea294dd516c8,07918b35-77a6-4918-acac-1f3b7395734b,459.0,18-08-2023,Dropped
9fcfd711-2aaf-4966-95be-6c8a9ff7007b,6a5731f7-6e78-4d59-909c-ca675a042fb0,292.0,03-12-2024,active
48acdcf8-f92d-4dcd-805a-fd9405fe16de,fd5baf20-7da2-4e1b-be7a-31688e72d17c,410.0,18-10-2023,Active
21b6eb84-899f-4d03-abd2-35736012a24e,d983dadf-f2e5-4ecf-9b6c-549460e0b673,290.0,23-07-2023,Completed
3618187c-37e2-4c86-a54f-da3118d3ab67,4a12c64f-921c-4875-9c52-6dd1fdfc4a9d,512.0,2023/09/04,completed
c70bdb6e-c451-4562-a8bb-ecfbdd69a596,66af9249-fa98-4602-bc05-9dfbfc00814b,589.0,19-06-2024,active
37bea260-c053-4253-9a1e-490d6894844f,4764a956-9968-4a3c-a684-79846b0dd81d,584.0,2023/12/23,active
1b0b249d-a159-4ef3-9cf9-0400c53f777f,f5d23fc6-afd5-4018-a27f-7dc7aa0b46ea,801.0,22-08-2024,Completed
809709fa-5159-4574-a2de-d1dec30240d5,39a01a0b-6465-4945-8852-787c891edaa2,194.0,14-02-2025,Dropped
76c31071-c1bf-4df8-bead-63bc676a504c,730f8b28-ecaf-449e-937d-cef34949ded7,430.0,2023/08/18,Completed
6669f679-2d78-404b-9f93-55acec8566f0,d4721e33-885c-4793-80da-b7f849d5182c,791.0,2024/01/03,Active
2c19ee3d-a7fc-4bad-b6ca-1cbec34fb3a9,6223733d-192b-43bc-a843-8f65aef0244b,648.0,12-07-2024,active
6b13b71d-f968-46e7-ab08-984ba731d6f3,076f3b07-a2ec-477a-b05a-1bef690903c4,400.0,11-08-2024,completed
9eb318ad-9c15-425e-a379-750a3964afe6,997d4ca9-149c-4766-bfb8-8ef480dc4873,178.0,2024/07/05,Completed
05d86c95-f20b-4199-a8a5-7ee7bb6e0d06,2a9d0c6a-3ffc-4e13-9c1c-ac23533487f7,891.0,2024/07/04,completed
1749939d-af32-4af5-b8cf-536aa02072d9,be32fa85-05d0-423a-9ecb-b693f3ac2f5e,830.0,29-07-2024,Active
63abbef5-a774-4626-8a35-9116e22ddfbb,316a8466-dd0a-4a6e-82e6-e14d8d53a190,124.0,2025/02/07,Completed
5e7affce-7530-47b9-a950-26e5e9c7eb29,2cdaa0b2-3d43-44fe-9fe9-1357b91a7793,750.0,2024/04/19,completed
33252134-ebdf-4eb4-b679-9210efe87716,109792a4-4b00-4cfc-a1f5-5aa5529e0da0,189.0,2025/03/13,droped
760fdd95-93dd-4da1-b4fe-6da807e86429,9a6e868d-af05-4197-bebb-65f1758daaee,223.0,28-03-2024,Dropped
2d47de92-cbf8-4a9f-bdec-163cfd5dda42,a4316e6c-800e-4610-b61e-b7e3f909c46c,670.0,14-07-2023,Dropped
54cd67b4-d67f-417d-9aa0-3078cdbe6de6,28c5b1e3-e8ac-4518-ab8f-54d8df40fe04,337.0,2023/10/26,Dropped
11e12ee9-f664-42b9-b8d8-061976538a69,ae991937-0846-4aa4-bfa4-cfdd01c31adc,112.0,2024/09/25,active
fedb5a32-850f-4bdc-9df7-d26368065678,12037b06-62a4-4afe-9cb7-1b1f785fa1ad,349.0,17-12-2024,Completed
e223afc0-4291-46ca-b523-9f956ac66272,b73e54c3-1ef8-4ca7-898f-3586b74a3db6,666.0,12-12-2024,Active
88bf6b11-fd3c-49e3-a5a7-a5959b62d6d2,7b163453-7042-4b9e-8612-85a7b6fac9b9,589.0,20-01-2025,Active
cfc91b52-4aff-40a0-8f4e-2726b9dd378e,b9a3773d-d283-4904-940b-f9dc65fd5412,330.0,2024/12/06,Completed
b774b61d-6641-41fa-9d06-07cc0a374f43,a64e2384-a117-4864-82f5-9390ed696cb3,297.0,2024/03/25,droped
1a8709bd-1fc2-4099-8994-96ab6db7fa7e,c2086227-4333-440a-98d9-9ad8255f30b9,590.0,2025/01/18,Dropped
1c9ddbd3-caa7-4357-80ea-7a67946e8ec2,69b35bf2-5dd0-4e34-ab40-88dab8d49cf2,891.0,09-09-2024,droped
3e39bf9b-e9b8-43ea-a456-d76756ff66fd,43b6c6ef-35c8-4133-bb8b-1581cba95e23,756.0,2023/07/03,Completed
12f638e6-b197-403c-a45c-7178547c9030,7dd7fc59-b586-44b5-a631-a9ee754f595f,956.0,2024/11/23,Completed
57aa5681-428f-44aa-81c9-7ab63ea685f6,54a6368b-71d6-4744-b06f-06814b9842c5,804.0,20-12-2024,active
91779972-4207-491e-b316-7953734bda19,c2e60c05-0926-4f85-982c-71294679fe6e,731.0,2023/08/05,completed
06a4093b-49d6-43b1-8593-53fa25e4e633,90441ec6-5ef0-495e-a152-dc3a3894de06,431.0,25-01-2024,completed
f1dde1f6-4e81-42da-8a8d-4853b6bbcd58,a246ea52-9150-49b2-a886-825eb74112a5,385.0,2023/12/11,Active
ac5bfe79-709a-41ab-b68c-55b279ac446d,ce217fb3-be65-4bf9-a789-76c94b7d3b08,888.0,09-10-2024,completed
4ad653d0-9b81-4e24-a582-bca620e8dae1,a302db2f-41de-4a4c-a25c-ade5dbf11941,573.0,13-10-2023,Dropped
954e95fb-362f-4bc2-99d5-d66c072b50ed,0316cde5-9590-4901-a5fb-24214d8e8fdb,908.0,2023/11/06,Dropped
bed64914-8233-4e6e-b89c-96e95d39b505,67e56f19-844e-4e8b-bf01-8ec6dec78f9e,834.0,2024/04/23,Active
f8ef6c71-2b9f-4f6a-a666-a9b49e5364dc,964e81dd-27e7-4bba-a4d3-7418581e60ef,485.0,,Active
5fd639e6-85f9-40f7-9075-b7d18047c7e1,7c39115f-ed13-4ac8-9d8b-6c6960c336eb,663.0,2024/09/03,Completed
7b67caba-8675-4c71-9eeb-96012b4b8171,613f50db-e5aa-4c5a-bbe7-52062ce62f9f,601.0,2023/04/30,completed
57a55d1a-1093-405b-b26b-3379ab32dc3a,396c6135-34d8-4c51-8f2e-d3eb398e2497,920.0,13-08-2023,completed
ba902275-c72b-42e8-9bcf-e969473fb005,326acdea-a666-4e73-9e9d-8b00ca0de08e,198.0,2024/01/20,Dropped
,d708bdc7-031f-4724-a803-68e2a37dafca,739.0,2024/11/18,Active
c9a5c042-c878-4b08-91a3-3332d882ce3c,bdcaf089-3a76-4ae2-a5ec-276c862c9e66,665.0,23-09-2023,droped
6603854f-0868-4cbf-aa0b-e6875d124a22,545b19ba-f3b8-4fe4-994d-9447a05be230,944.0,17-05-2024,active
f62f197d-8da4-4d27-857f-4a841133ded4,89a89d04-bdc3-43b8-98bb-254c88e5a13a,928.0,24-02-2025,Completed
0e545d51-cc44-4778-b86e-92d61456a858,3f7b16ec-85df-48e2-9113-6499725687c2,277.0,2023/10/26,Active
2ec46bfe-bd4b-49cd-8c19-e0ac418df073,db869a02-a69b-4d21-afb3-8c42b0901da2,969.0,26-10-2023,active
74c0bea3-b7a6-4ca5-b08c-147d3a747c44,9bf072e7-fab8-4bb6-8a4c-b2312d6c18d0,493.0,2023/11/11,completed
be3c7c84-1763-40f5-8708-b42e8d4e46c5,eadf1b58-d4a8-4169-bbbb-fd6730a4c4b0,996.0,2023/06/07,droped
85c65764-21ee-4a3d-a733-c344e7f8daa8,3a4317a1-352d-4d78-8f94-db384d81bc5e,481.0,25-10-2023,Dropped
7a2f2c57-94ce-43b7-82fd-7e2d95eef403,e1b33498-8974-4baf-9928-3cfc76da7bc3,323.0,2024/12/15,Dropped
a247a4f5-ca3e-4f3a-91a0-b33c0d13c33b,1dcccf24-7a71-4e7b-b248-f69912b3b3eb,580.0,27-03-2024,active
199177b9-3288-4f78-b9dd-7b951558cc6d,9929c7c7-3709-47d3-96e1-56458ad8af05,453.0,01-05-2024,Dropped
94eb2ddd-0275-4eca-91bf-903d4cca3dda,1c8cd498-e7ad-495b-9c73-9cbc6e047758,456.0,2024/10/29,completed
a48339f7-c703-4a4c-b150-f94fe2f2cf57,a28af08d-ce46-4bf3-96c4-9c4431de54f6,760.0,08-08-2024,Completed
002072c6-fe03-4a0e-b4cd-173bc16b44e1,99f2587c-683c-4806-812a-dc5540728ad4,262.0,15-11-2023,droped
5421b62c-2d31-417c-a191-9e127e1b5edf,48a436ae-83a2-406f-bbb8-373c81ddf3ea,979.0,01-09-2024,completed
883d9b03-de04-4086-83a2-9acd4cb50736,ad8716e1-4679-4c1e-9755-19cd3fbfe7eb,735.0,27-06-2024,Completed
70a6b5fc-a03c-47ff-8f0d-c7bc80c8b083,f2193325-c1b1-46bd-ba2b-adf71c894d39,927.0,07-09-2023,active
e4b3b66b-51b7-45ed-81ab-1df17cd21263,7eebf539-7873-4a4e-8271-bbbaf96f4a1b,897.0,2023/08/23,Active
6e988798-c2ac-4d6d-90c8-81792dc58521,ece027bb-1835-4b4b-8dfc-f384ac482af2,433.0,2025/02/16,active
afdc8a51-a34c-4c78-97a9-9ae771757228,318f7980-2ec2-45a6-9293-23e289e10a5a,271.0,13-12-2024,Active
36955a61-3b57-4da7-834a-4fa61bd487bb,51ec8f30-4e2d-4257-8074-a1ed4ea4ae73,385.0,2024/12/04,active
af4b88ff-1a58-46ae-b8cc-d78887c84346,35d5b119-9c09-40fe-ad74-03c64cd0d32e,143.0,2024/07/05,completed
280906a9-52e2-4a8e-a793-b627ac00cd5e,c92aeb0c-656f-4bd8-8432-9e7831209ff4,504.0,2023/08/30,Completed
a99f8c03-9c31-4930-a86e-f693da341653,84372286-f4ea-4fa5-935f-d8d22839d888,720.0,2024/04/20,droped
6aba8f0c-c9eb-4e3c-9860-f848a74b2973,3a8da127-44f6-4bef-b9f9-d376c79e049b,229.0,12-04-2025,completed
db326207-ef30-4fd0-b8d3-ca66434a7e17,251dd64e-5eec-4af4-8db9-eacbd59dcbfa,491.0,2023/12/12,Completed
d4488069-5a9b-43f8-ba09-a484556ed0d1,4eda31cc-7320-4e30-90ba-8eddbec6573b,753.0,2024/03/14,Dropped
6ac89d70-c33f-4ef7-a4bf-2e8c903389b4,6771dc17-f0a3-4219-8321-07880173c12e,245.0,31-05-2023,completed
a552abc6-5a86-403a-a8a6-50cef7fb68d5,74f6b97e-f998-4aa1-a3d2-789dce2cc739,309.0,2024/12/04,Active
b44f8e12-d18b-421e-84fc-9dd046327360,b777dcb9-a97c-496b-b567-66ec33c43cd1,402.0,2023/11/03,Completed
060fd3b6-5f9c-41f0-9522-1c404b77cf1c,61e561bb-ca79-4b30-ad70-881b52647c6f,401.0,2023/12/27,Completed
330f4bae-bd30-4739-8f5a-57878edd8e22,80c0e667-9e18-43a2-b708-eb7fcc274beb,618.0,25-03-2024,Dropped
130da476-1b59-42d2-8622-70cbdb3d419b,b90ca447-5352-4b34-a911-268f3e3e47b3,745.0,25-04-2024,completed
784983ff-97ca-4ef5-b8a4-c19ff105c2d8,0bc6a71b-f25b-46a6-b89c-2ef6f3b93ebe,391.0,15-12-2024,Completed
f5b0fa1c-b013-4951-a3db-2b6da8cfa238,3ff5ea79-7cae-4dfe-b4dc-70c6e8acd757,661.0,22-11-2023,Active
60013e38-960b-4746-9b51-0232fca7644d,a3beb445-0e5d-4626-99f7-f7750f2f633b,550.0,2024/01/10,Active
7028eb2d-5e94-42d6-89b3-889d46aaf714,78ca903b-1c6c-4382-88c3-a59dec7172e7,142.0,01-08-2023,Active
53156a23-12f0-4d7d-bff4-9c48e17f5e53,69ed5072-bb81-4774-8676-51b3fa286316,255.0,2025/01/18,
96fdad96-2681-45bb-9fbb-3a4326da916c,8fd48278-3332-43ab-92f7-70724c81cd72,371.0,26-06-2023,Active
929ea405-53ed-45f6-bec7-2cca7031e2cd,42be7d36-a923-4810-8346-04f98bed0104,570.0,2024/06/24,completed
b087ab0e-4a9a-45f0-913b-3a4d87f16ab5,c5188d4d-c5a8-446c-a3f5-aea605981489,671.0,2023/06/10,completed
b61e7c80-b302-425e-8930-c9f3dee7dad7,da7a9b4f-f50b-4168-905f-c360bd32ebda,703.0,2024/01/24,Active
bf4d4bd8-7222-4838-85cf-dce6e7b4dcd3,523e901f-2f23-4d0c-b6fd-f910e2742d5c,436.0,2024/04/16,Dropped
554047fe-5cb9-435c-b5f7-3b073a4962d1,b43d4bf9-f8b0-4457-ad7b-b3c532f0b15c,920.0,06-11-2023,droped
eec432d0-bf66-4225-9a86-a2f5415f2099,a469db2c-1e83-43bf-a3e8-bb0505ec647e,354.0,03-03-2024,Dropped
7c81ed5a-ce5a-4372-a574-708d6d658f44,87450d05-d4e8-4dd0-8c4b-c3d2cc5015cf,529.0,2023/06/04,Active
5f9c041d-8323-44b5-bd59-3fa4e9b9339e,fee33607-6fec-4ac2-90d2-abfe0425c430,893.0,13-05-2023,Completed
cc5bf684-df82-4a94-8114-0235f5b4aee1,7df45531-89ef-498a-8a46-739f53badc3e,479.0,24-11-2023,Completed
112e1621-a266-430e-9570-cefc93271b56,1796b7b1-90b7-426f-9357-69cbbc03daa7,540.0,2024/06/25,Active
28815cd9-8821-4541-9cc1-fb5ec7d4a10f,d9fafbb9-d8a7-42cb-8374-c273cc707551,973.0,26-06-2023,
9c2b05eb-77ec-4100-ac28-c17a92ecc3bd,c07d0001-30de-4010-be31-f408a671cd81,194.0,14-06-2023,active
d1587136-6e52-4655-af17-8dbbc461aac1,e3acd21a-7387-4600-b739-1bee46e09e7d,963.0,2025/03/02,active
a6837a72-26f6-4d64-bd2a-f2c4fe8db353,a5d8d541-2e82-4ce6-92b1-d17e5497062b,139.0,08-07-2024,
c7f7040b-8718-4322-b43c-6de656fdc504,f2d1235d-d1f9-4f96-bd4d-28c8b14d53b0,500.0,2024/03/19,droped
932204fb-66c6-4afa-857f-f1dfe3af8541,d4066625-9faa-4180-81a0-69a24b37617d,727.0,15-02-2024,completed
5287c72e-39a8-4b5e-822f-8a4704d4c5db,db06f072-4244-4fce-a686-d5c66d59ade7,608.0,2023/10/09,completed
539d5223-c48d-476c-acae-8af89599b267,aa57c6e4-a753-497e-b52f-524f8849066e,467.0,2023/09/21,Dropped
ece42aa5-930e-4549-924f-7225c519fd78,b703fa9f-e15c-4c37-a4ab-9bae5aca08f9,913.0,2025/02/20,Active
c5e2cdcc-3058-4d20-a711-1b6093acd71b,2e7c77b0-4ef8-4787-b4c5-dd5b25f5ed6f,181.0,06-07-2023,Completed
f1ca680c-9a17-4669-888e-58e706b6a5f4,20984689-c78a-46ce-8a19-9083d83e262a,440.0,11-06-2024,Completed
53d47caf-11bb-497a-b464-a31f5938949e,3ae8160a-edaf-4a54-90b9-e04adedcc2ff,787.0,2024/09/11,Active
29cd4d5c-4d8c-49c6-b3a2-b47b35746477,3ba4807e-4565-4d2d-bdb2-69e56c9dda26,500.0,15-04-2025,completed
5af7dfe2-c5b8-4c82-b79c-c41aeb7d2448,e61cf9a3-e0ac-4b75-a326-e3d006fce65a,507.0,2024/03/25,completed
600777be-f2b1-468a-958b-54231f8424bd,be7301e9-de16-40ea-b1a6-de4806822e13,869.0,,Active
0c994ec1-6162-4af8-b565-c8a2bd6aec56,32d9ec3e-6630-4af8-b044-9b5172624be8,442.0,25-09-2023,droped
d08308b0-9718-4943-a168-c4a8c55f30a1,2cd3248d-f820-4c5f-97c5-22e01fe9048d,284.0,16-05-2024,Dropped
84391819-b97a-48ba-940b-b34de9ccedab,35aad597-c1b0-444b-a9b2-b32c1f27fa2c,207.0,21-07-2023,completed
9ad75864-bd9a-46d9-bd36-35b9f0d1701b,511f0533-fecf-40db-bfeb-32a45bbf785b,380.0,06-03-2024,Dropped
173e13d9-fc32-4db4-b5d8-053130e423e1,7a5cd426-5c1f-4f7b-81c4-dda8ccbf1dfe,660.0,2023/11/03,completed
74faebdd-f1e4-427a-9cab-87e2823c794a,cdac6327-6149-46d1-81db-80b404221bf2,164.0,2024/03/10,droped
199ded5e-db84-4a96-b629-5eb4667a9b91,4f5af64e-f21b-4a7f-9c42-adcf5acc616d,328.0,2025/01/27,active
d909f489-f229-49b6-af24-618910b7de33,ffecc4eb-3ab7-42a1-8cfa-4f8aa6e997ae,504.0,14-10-2024,Completed
,040ebf47-78ab-4513-a03d-b91863c279aa,177.0,2023/11/18,droped
52c1e256-e5b7-4f49-a5b9-5c1abac8f92f,3fbe5756-d8f0-4d41-a407-43300b9d55cd,850.0,2023/09/03,Dropped
84c469b1-20c1-4845-825f-c70f90884400,7845a524-b1f0-4f04-a3e5-7b5027dfc6e0,777.0,01-12-2024,Completed
cd68cb39-98a0-4b61-8fa9-969509fb4d4b,a93429ae-bd66-4203-9dc8-ca3735b7215e,305.0,2023/12/02,Dropped
d2c08ee4-6a35-467d-9e18-16205f27fee1,2cb50ab9-2c23-4779-ab53-41c02850c932,867.0,15-04-2025,Dropped
bdf18708-26c0-4f52-b71d-e9c584c2f2c4,2e7e4cef-ab2d-4056-8f71-1c2ccf35fdb9,846.0,27-01-2024,completed
c95bc917-1c01-460c-acc9-d15ae10b3781,343e623f-7f5f-4a4f-87ac-c717299152e6,170.0,12-12-2023,active
e8b2f81a-5f88-4e99-a014-7ab96755e34c,5231d2a5-9f35-4a40-83e2-ecafd767a0d7,876.0,11-05-2023,Completed
074b927e-54e2-4fa6-869c-cc0ac8844f88,bc25bce1-08c2-42ce-b872-d73fe389bcaf,647.0,24-02-2025,droped
0be76352-685c-4862-a9e0-2d8d24f384ef,9937c931-c333-49b9-a085-7b5f8a1b0744,461.0,31-10-2024,completed
19a12723-287d-4f8e-ab74-18988673cf07,3902d8a7-e5ae-488f-9942-339503d301cf,912.0,29-06-2023,completed
1cc6f0a0-10fa-4909-bcfa-1e616b7d71bc,fbbe0e9d-76e5-4a12-b9c6-c757f7feb735,590.0,2024/03/06,Completed
70bf1783-8966-442b-a5ec-b9dcdb2c04c0,cf367c1b-9a6f-4965-9b5e-d35a2268645f,894.0,25-08-2024,droped
78304c6c-79eb-4797-8fb9-ef37002f4aee,20d19fc0-41c1-4ee2-a723-5658e648d7ae,168.0,25-12-2023,Completed
f4f7bfdc-5d96-4459-8a3c-8743a80824f2,18ad8eeb-b760-4067-ab1e-5b379d15844d,477.0,24-04-2024,
da1a9b09-d4c2-459b-bfac-0af77e2840a1,3824c62b-2036-471a-b23f-df19923cc117,481.0,2024/05/22,active
24812414-f139-4c4b-8e31-ce5c213b1241,be41635f-150a-4643-a8c1-fb6439bdc3ed,963.0,01-07-2023,Completed
e30d0d83-4844-4c49-a761-f64eb79ee140,39e9c6ef-3ff1-40d2-9af0-3c739d719800,448.0,30-10-2023,Dropped
4d156c62-a8cc-4e3b-bae3-438e2f43b2f0,764f6842-f955-4aad-b5e0-bcbf5420d149,400.0,19-09-2024,completed
93c1392f-8453-4803-8519-469e973da9cb,c2886352-4448-4593-a232-7c25fcd62aba,935.0,17-03-2025,Completed
5ff0f8eb-6c09-40b6-93f4-238321b78e70,bc85630c-9451-4f78-a52d-3404a94485e0,610.0,2025/04/13,active
e7f0916e-bf78-4ad8-88c2-fd6fd9caa609,0c4aef81-a1c2-470c-a291-53bfccbdd15e,990.0,25-12-2024,active
03aa96d2-2ea2-4aec-bac2-84dd32a95261,d5db677f-08bb-429f-a277-279b2498a9f2,226.0,26-12-2024,active
52917b6d-6592-4c9f-a971-4f1f3ce26218,7bdd41b3-7b14-4917-9274-46b602ff9754,663.0,13-02-2025,droped
de993ecd-a0f3-4470-b010-45255809f249,67d920b3-93c3-49fd-b885-05f9d1263905,665.0,04-04-2024,active
9f0e570b-7404-4ec7-b6ff-812dfe2181fd,1e2964f1-709a-4c95-8bbe-c11943472a28,441.0,17-11-2024,active
83b5ad03-c4bd-43eb-a7cc-427447808b87,ff26cb58-5656-411d-965c-978aec83c4d7,588.0,2025/03/12,active
ce96cc5e-574a-4942-815a-51ff2fb2a0d7,8c84c302-c5a2-4d77-bcc3-4e98df397fa5,913.0,2024/04/07,Dropped
db30ddad-ab02-4104-98b4-7298a9caa03d,434b033d-84e1-469e-8365-9e5157a5e3b2,931.0,07-06-2023,Active
a46d4b51-6d30-4e33-9d8c-4feac82e27a3,20507d45-8b16-40a7-b6fa-16a1068187e9,621.0,,droped
d47ffd35-751a-4b9a-b99f-5c063a24de17,b67333e0-8ceb-424f-9eca-85b31c7378e6,962.0,04-12-2023,Active
4e998b76-58fd-470b-9f91-07d5205525c6,fbfbd9f9-8da4-4916-afa8-736973db49d0,399.0,2025/04/17,Completed
f8c00141-ddf1-44d4-b75e-f2cf153d5754,d1ed43ba-65c6-4e05-aebf-af4c813592e7,976.0,2025/03/06,droped
244700ca-31e3-460a-82ca-a526ffa0a1af,c6a22085-38cb-405e-ae3a-1f32d70b1463,295.0,01-05-2023,Dropped
5a9b9519-be9d-448c-bbc0-e8ed32dc80ee,26da7a1c-c7a9-4f30-99d6-f609868c1005,828.0,29-06-2024,Dropped
0c07e0e3-8669-4d31-87d2-e18fdc241f84,8a19de1f-5cd7-4899-887c-edb9ccddd6b3,383.0,14-10-2023,Dropped
87e719e2-ff46-49d3-b279-4e8bb195fa9f,19a2a602-28a3-43a3-9fdd-67bb2ab05af8,449.0,28-09-2024,Dropped
dbe38b89-a262-4fd2-a289-499e2a6716d4,ee3f0127-d7de-4f4d-b9ec-02ca9e4152f9,520.0,2024/11/22,Active
f1337e7d-8a73-483e-a6ec-d1dcb75168f6,dbb93bf6-6c8c-4bac-9c13-0aa7f4836de8,292.0,23-09-2023,completed
f819fa11-f584-4e73-8c85-823847469fb7,63c81fb9-4be7-40a1-a69f-9a4af2eb0d5a,262.0,18-03-2025,droped
e4cc7065-6bd7-4764-b8d5-92a785915047,22d8c08b-5269-4eeb-b7cf-1eb679fee842,244.0,30-10-2024,active
132ab649-0017-4ca3-8ccc-5afef02a2956,ab09ec62-8e46-4d8b-b555-d6ee40571cf3,565.0,17-12-2023,Dropped
9cf540d9-bbc4-4107-ac4d-25503570f44d,0f29301d-111a-4671-b593-1884980f6560,376.0,25-11-2024,Active
7b1e5e13-24cf-4629-a3ea-ea4f690e5ee8,f8db37f6-c3bc-4ca7-a906-567dd28b829a,324.0,04-01-2025,Dropped
3e120f2b-fa74-4d0b-b36e-e0b7f9f8f5f4,a565cd41-28d1-41db-894b-cc99642830f3,982.0,2024/03/09,active
3fa27ffd-3180-4811-9767-10d764188dde,39ef20ea-120e-4c83-99b4-4b98d5969658,389.0,19-11-2023,Dropped
1f9bd2b4-66c4-4e9b-a483-f4f123f3e5c5,f1c056ba-95ff-4d9d-bd5a-0760b9d9c1dc,642.0,2024/09/22,active
2474e10f-7181-40c2-b4b1-58aa26df6494,53d509af-c2b5-4c1b-8685-38bcac17cb47,888.0,,Active
4fa83870-8547-4ee1-9e06-d96aa3027b21,a0e85f89-c58b-4161-9a44-cb3b8634a7cd,535.0,2024/07/26,Dropped
703297d2-a911-410c-bb70-39b0789a9f00,8a8ffb2c-1ff7-4e8c-927e-58464c7f9cd6,677.0,2024/11/16,Active
1205e9cc-2757-49a0-b451-6c969c2b4ca9,e916ee82-c116-4b7e-ba9f-4841e1568c60,465.0,29-10-2024,Completed
f311a3a1-45a8-4731-a00f-6ea257647ecf,d685b08b-61aa-489d-8a7d-1de0fceae86b,178.0,11-03-2025,active
776e3a29-a07c-48c2-9ce2-ec5b416553a1,e0516aaa-2b1f-4ecd-95c1-27e66d0879b4,174.0,2024/10/21,Active
7cbff645-cb61-416c-9d91-cf6bb1020282,85d8cc08-3981-4354-8a85-fbd1c22a6772,362.0,2023/07/08,completed
9a72ebf3-bb54-43e6-bf63-0fac16acb78e,5cd0094c-dd76-4717-995b-2485f5b127e1,195.0,23-10-2023,active
7e99a2c2-aa37-44fb-9997-5545de8e7602,6eb6d54b-f697-4fbb-b39b-feb6d632919d,744.0,11-03-2024,Dropped
dd7b99a6-1aed-4cfd-a357-e4ea0e80c78a,b95b7efe-d7a2-4c6c-87bb-6bb0c51b2775,,2024/11/07,Active
a3e86f41-406d-4f7c-a79c-797d469f2152,aabf1a08-6b6d-40da-942e-2e6a8200b972,615.0,,Dropped
15459b48-5b4e-479b-bbab-907a4051dbda,ce55754e-b68d-4f38-99e3-b84f034f2029,812.0,30-04-2024,droped
38ace486-7eb6-40a9-95f5-f2ac3e247c2b,44087701-aa66-40ed-af0b-5b2b97514f49,260.0,08-07-2023,Active
b5622984-d385-4453-87ea-7fd1ff4f3808,d660a275-9b4c-4cb0-8f88-1e637ce4858e,162.0,01-07-2024,active
ded21b15-84db-41dd-9b4b-f6366035e48d,0ac7256b-61f1-4c8c-aae5-0490ecdcbb27,742.0,2024/07/29,Completed
cb295e19-d694-4527-9720-b88f1b98a0e3,935c31d1-193c-4319-b43e-075ba48687d4,585.0,01-07-2023,droped
3d15d3ee-c397-43ae-b77b-97421e12bbed,b5950807-ac30-411d-9482-e11e5c56e3aa,186.0,20-03-2025,Completed
64cc7a90-d0b6-4c10-abfd-01bc9a9303ea,58e8f1db-0a34-4670-be8b-15f3b7e1c9a2,372.0,2024/09/02,Active
75f3405d-da2b-41b7-b0b3-e6dfc9c34dd8,098aef72-85d3-43ee-9d08-854592c6bb94,320.0,2025/04/18,Completed
a0cc5d31-ce22-4fcf-902b-4c3a6610ba20,ab48106d-6e8a-457f-8712-cf67be901a64,851.0,24-03-2025,completed
2e44d349-9122-4311-b74e-5dff06906169,5436deb3-f229-437b-a169-d799062e5424,995.0,04-07-2023,Active
cd4901c9-6982-4369-abb1-02534ad2a7ba,d9743ff0-74e5-418d-baa3-80fa07438e60,673.0,11-03-2025,Active
aed9dac5-d180-47f4-9bcc-7bfb40e64eed,f730d07e-f93c-4285-9a35-79455813a496,151.0,29-10-2023,droped
0c3c900f-c8a1-44aa-b22d-839746d162d6,fdb09520-b2f8-41eb-b54c-e51153133ea1,367.0,24-08-2024,active
291c9094-cb2c-4efb-84c3-b30d435f59e6,dd0d3739-c553-4b6d-8ef8-66193599fe91,922.0,17-06-2024,droped
66bcf6f0-bd9e-43fc-9266-cd86a5f62181,d0c29b24-c7ed-4888-9939-dc71c0d9863f,182.0,2023/08/30,Dropped
16c02601-db4d-4d18-bff5-475cd83f8f4f,89c9c0f3-9dcc-41b0-9a0f-df6155718266,883.0,13-11-2024,Dropped
3a42168f-f745-45cd-9613-8a1ece1eaeb5,19eead26-4e4b-46aa-9424-9390510861bb,430.0,29-03-2025,Active
67f3e4bf-a3b3-4be6-9726-9541b8d11a8f,a3b4a240-7f48-4536-9f2e-444a501bcf44,651.0,10-09-2023,Dropped
43c2181f-33c0-4b7d-a1f8-63f4c1ae35bb,59c085a8-7c45-465d-b517-e8efdb213e31,461.0,05-01-2024,droped
5c88da6e-e551-4a7a-b011-a2bece4f4c66,2b25a58a-f595-4b2e-a8c2-783dc138a98b,187.0,25-12-2023,droped
94f3ea1b-3096-4fbb-9c89-fe3c0413d049,b3422968-8191-486b-a8a9-1aba4f7ebc54,886.0,29-08-2024,completed
8f56fffc-c1bb-4767-8bd4-01528f7bf6c2,9e541d3e-65e1-4146-ad8b-62b689cb09aa,580.0,2024/10/10,active
,e07eaf26-ea29-4a22-9914-857db62fb6ee,351.0,2024/09/15,Dropped
2550e249-436c-4827-9a2a-5b5f67964bd9,5a929d27-8867-4641-9714-fc0bb7447158,676.0,2024/02/21,completed
1a873c25-629f-4962-abd7-95f5220e674e,d087dc98-bc7d-4017-b4c1-540bd8528abb,150.0,27-02-2025,Completed
9d091856-4b3d-4578-8c69-a8cae32ffec3,52e6ef74-150b-41d8-b882-c32691f28485,581.0,10-10-2023,droped
3ef389ba-0a70-46c8-937d-8533714a0ae0,fe20193b-aae2-4d63-a7ae-daae8c48e3f4,905.0,17-11-2023,active
d54fbd02-3976-4637-be97-16ad06bf79cf,3ecf5f0a-380e-419d-bbb7-13fdb1f0b429,501.0,26-02-2025,droped
cfc01fbc-a5dc-433d-b0bb-2a0e39d02b29,4bfaa29e-032d-496d-a537-68573749af64,977.0,2023/10/25,Active
9cba7bc6-db87-4c8f-8551-7102f6ef66e4,6a1e5d9a-705f-452b-9682-a0b47bb7cc42,641.0,2024/06/24,Active
31369512-916e-4089-bf95-58a38d1d282e,84c11826-d910-498c-afa1-7fe6698e0981,794.0,13-07-2024,Dropped
e37b8f84-9351-440f-a093-ca68664d49fa,bf2dcfcb-6319-4bf6-baa8-55a6e6ffee2a,262.0,2023/11/08,Active
5d2d113b-fb5e-4c15-8bfa-e8d6b4ed4d1d,6e6aa3ec-4378-4e6b-8d3d-dee3cdad54f4,319.0,2024/01/31,active
efda21b2-eced-4328-a669-dd225d50d2eb,5b693697-8a55-414b-91f5-a8f93c15ae1f,499.0,2023/06/17,active
52587a1a-226e-4ecb-b175-7e7df545752a,b3d2c4a9-fc7b-427f-93d3-9ff9dc2555f1,477.0,27-10-2023,Dropped
20f6b8d8-9436-4f5d-89cc-6b08cba9a0f0,c8c28cfe-eadf-4ef6-bb23-89d318bc2e3b,521.0,2024/05/17,droped
504089fa-890d-48e5-b9c9-f246b556aeac,9aa5bf18-d387-4cd8-8ea8-2b7a1ad4ac13,848.0,12-10-2023,droped
b3bfbdab-b7b2-4f20-992c-fe25b858e203,d232231d-8dd7-477d-b9fb-722da51c7d2a,842.0,2023/10/09,Dropped
d62c4be4-9302-45dc-84e5-eddd771d030f,70184f95-9e6a-40fa-b5d2-36e30d9e9c48,803.0,2024/05/09,Active
f4028e77-108d-492f-afa9-c57c974fe668,8f59748b-05a9-4733-abdd-0419feec0074,948.0,2024/04/01,active
e555e087-0ebb-41ae-a678-97538f1a5d4a,b4d0aaea-de19-493e-ba04-30c458fc8448,204.0,2023/08/11,Dropped
10bee3e8-5aba-434b-ae98-02fa1053adba,91db5fbc-46ad-4be7-b807-c910f46976af,303.0,31-10-2023,Active
070f48c2-ba4e-432f-a582-eba2f2859a73,6e4ae071-7da5-4648-9905-6421b6af49df,331.0,2024/10/16,Dropped
fc78090e-2223-4b94-b157-f169c3ad6ffd,73bd980f-a96b-4761-b717-9e4565706108,879.0,2023/12/15,active
4dfe448c-acb7-4476-b27c-172189d44ce2,cc650374-91e2-4c1e-bb89-5644549dd3b5,665.0,27-02-2025,Active
24ec755d-683a-455e-b23e-9b0b82095583,ae6b19de-faec-4b4c-8a24-0d57c42c40ce,700.0,2024/07/17,Active
f88c2664-01bc-475c-9cdc-23fc50805bbf,c124b471-b64d-458c-8d8f-808d9c0e6192,804.0,2024/01/22,Completed
fa33dca5-c64d-4e70-9ea3-91e29662f883,879f22eb-1049-4904-9d25-4dc4122def06,222.0,2024/03/05,droped
31d28c69-bb88-4fe7-a944-e059bafa34da,c61371c1-99fd-42a4-bad2-fd693fb15376,454.0,28-11-2024,droped
2e659eb1-d5f3-44a0-ade9-4792fd55c844,7eb6af51-edc7-4d7b-a63f-89b5078c7f1d,890.0,04-11-2024,Active
181af69a-16cf-4211-94f0-327b1e978ef7,b3700e92-92f1-4a69-a74f-6635f236b2ee,127.0,2024/10/02,Dropped
619c4496-6856-4822-8e0e-d735632fff79,d8e66501-2375-4bc8-b972-c629b24841dd,251.0,2024/01/10,completed
5aeb90f6-4faa-4036-988a-7f552ed86804,e10a5f9f-6e2c-419a-b50f-2f5c2d6acdd4,812.0,2023/10/31,droped
42b07e31-2f3f-4e11-973a-603d7feb25e2,59e849b6-3a05-47b2-b35a-ffe566c3f832,745.0,2024/09/02,Completed
73a469a5-56f7-46bb-94e1-aabda20cc4ba,41fd1281-861c-4a6f-9812-362fc076f92d,631.0,04-05-2023,Completed
fb6503ea-0f97-4342-9b2d-43a3e119e331,5f868f8b-aec6-4694-8f24-34918e9ff74a,297.0,02-07-2023,Active
fc31654d-f6ae-4936-8071-4e0f2b23ace0,53ad132c-0131-471e-8338-57e4877478d3,937.0,11-02-2024,Dropped
e7b795f9-cccf-4d37-8714-4da94e674f72,dbfeed4a-5ff5-40ca-9038-ab45916d9a42,202.0,11-06-2023,completed
a2f077e3-3040-4cc4-ac21-f1edf4a985b0,8903c8c7-2e89-42cc-bf8a-1fca9ef17e4f,287.0,05-10-2023,Completed
df41c155-18d2-4fd0-9862-2bb4f9cc596e,99872384-2798-479b-a9a1-1cc0aee4f488,736.0,2024/02/03,active
70d18e9e-e435-4335-ad4b-2c1392f0ae83,c5a0b7c3-e132-4e39-9891-b0a4b4d4813a,912.0,2023/09/03,completed
d1a9af91-d079-4e4e-a61b-047a81e04baa,09ed1c7c-9f40-4e6a-87c4-78ba71f27f0f,663.0,14-04-2025,Active
cb2c7b1d-f541-4b22-a363-45fc899f7cfb,ef2adff8-cea4-49c4-9eca-df24f0d1fa72,154.0,2023/12/17,Dropped
595b9abc-1b97-4332-8a9b-37f0ef5e4a66,84bbaf7a-9711-4545-ae2f-cae7aedb3046,678.0,27-08-2023,completed
3172e9f8-7f66-4f24-9987-5a42e675835a,9cfa2010-ff51-4c96-a7be-a2b29a7f326f,563.0,02-04-2025,droped
edb92750-7465-4ff9-b014-db87565fa125,638b66ac-d4ee-4313-8c48-7218a892ab6f,885.0,2024/12/17,Dropped
ab304184-1dcb-4fbf-b1aa-b63772abe7ff,3f086a9e-569d-457e-90c2-38ba8df1363a,714.0,2024/01/28,droped
d14d4890-f5db-4d2c-bd4c-af01243191eb,677f33b8-cb47-4eca-b037-0fff7da2fb48,493.0,21-05-2023,droped
fb7b00c7-eaa6-4c45-8f01-fe855bbaf3ac,d7f64255-cf97-4ff0-bafd-0718ebced334,417.0,25-03-2025,Active
d6ccc7cd-c12e-4882-b527-ba0aa8df7aa5,85147bc9-d907-4a3f-9949-ab8a975481a3,328.0,28-06-2023,Completed
e9701e00-520f-43e7-a7a1-3e62a9dbf628,b3c3c428-9338-435d-9020-8d2386ff96f2,517.0,05-06-2024,Completed
8bdfa208-c1c5-4c8b-a4e9-4d6a858c5992,520041ca-4855-444a-b370-4903a4a8a844,527.0,02-08-2023,Active
4aff5eee-32b2-4952-8376-37d672a9dfa1,677c25b0-6d23-4155-a057-c558f1ba308e,841.0,21-03-2024,Dropped
0619feb0-7d8f-4305-9517-703e608775a5,8fae46a9-524e-463c-9ab4-9e057dc1dda0,632.0,29-04-2024,completed
7f63abb8-4e4f-4dd0-a388-f6dc9c12e3c9,49858ab5-c54f-447e-894e-e2f0fe068b4e,779.0,07-12-2024,droped
870d8661-0e1c-4d4d-b2eb-3819af1e0ecd,f2602a26-3025-4041-8aa8-6e33d4cd45a9,969.0,2023/06/27,completed
bf733026-9664-4ca5-a460-2d314e9f67a7,2c613d5c-8af4-4753-923f-128ee67882ae,195.0,2024/08/28,completed
88c75e8a-0c46-48be-bd3f-f354504b9abb,4d8ddd2d-f77e-4ee6-8c15-cb2807289719,115.0,2024/02/11,Dropped
89aae145-f6d4-4767-9a0d-4f8c30306e86,af25762c-d34d-49ae-92e1-06a40d6c6599,421.0,25-02-2025,Active
8623d81e-8224-4a50-bd10-f69f6f0dc87b,5eee5114-823d-469c-ada4-6bc5d96688c9,701.0,2024/09/29,completed
36e90637-e921-46db-8b72-d0efb2fdaa38,2f8a637d-f330-4c59-b50d-456e19412cae,268.0,,Dropped
12adbc1b-51ff-4ef6-b660-8a3138b89fc4,34ecb64f-7eca-4b2d-b41f-ab4ab6caf840,498.0,05-07-2024,Completed
0b94729c-03fd-424e-9cee-af74a3f2a3db,e67b6ad3-34be-4f01-a1a9-3ecfec0dd9ba,933.0,05-10-2024,active
01368f98-4a5a-42d3-ac9f-ba0a1dc7deab,d04a902a-a8db-4a2c-bd8a-0701e7867bbf,182.0,29-03-2025,completed
2d53a810-fc01-446c-94ac-13ced4d05762,3a769378-d39a-4c87-a3d1-8504fcb1a281,744.0,2024/02/01,Dropped
0b752e49-66e6-448a-9679-3ab4eae6c3da,3f05344c-9947-498a-a444-727727eaf665,386.0,2024/08/13,droped
ec13d7c3-e1c7-4223-8218-6e6dab24f74a,b5cddc34-920e-4451-ae2e-69e26c3f4800,559.0,2025/02/17,Completed
3472c59e-4f4b-4252-a04e-03d7e6ef3a0b,bc94046e-a741-4d2c-a0f1-3db6f0b5b7b3,668.0,2025/03/28,Completed
029e435d-b0b6-45da-a8c1-8df945ca17af,608bb508-69e4-4d26-92d4-7ec76a77982b,678.0,20-11-2023,completed
d114dda1-3082-47e6-a6ac-e778d7b6e0a3,99a2186f-40e0-4e0f-bcfb-c186c77b4fff,369.0,27-04-2023,Completed
0ab35cb1-653d-4c17-b149-324ba064bc2a,20fed1f3-72fa-40f7-8462-68d6b22d2bfe,421.0,14-09-2024,Completed
a3398f8e-120d-424a-b914-dce2b08307e1,e6f7b3d4-28af-4b73-9d82-e2a81d480843,110.0,23-12-2024,active
,bd76bb2f-f189-4bad-aad8-8bca53cf14e1,868.0,2023/11/04,Completed
ee3d114e-b70b-4594-ae4f-d45ff48fab06,89485754-48e9-48f9-a5f0-bb99b1ecc7c2,294.0,27-11-2023,droped
42f19c7b-91f2-4ea4-9b02-941448e26a53,65189347-1e91-4b71-82d0-31ad1bc6229e,272.0,2025/01/17,Completed
f340e6f1-33be-4942-a24f-908ae2b6a842,7f7ac78c-d8b1-4a9d-8e04-184416251089,541.0,21-09-2023,Active
092351d9-fedc-4b65-84aa-6e12208a9c4f,1c852510-1bfd-4626-ba93-ef0e780d90b6,647.0,13-10-2023,Dropped
2f39f8c8-6358-4706-9545-b25409bc6a80,ce70d3f7-b190-4ea4-8335-e9e5156755f4,291.0,10-06-2023,Completed
5ef36d4d-9d85-4a72-af9a-544a3de372e9,71287916-248b-45aa-bd04-43f07027e1f1,204.0,2024/07/25,Completed
ef016e79-a9b2-4a99-8a82-60b6c4e57a92,30604ccf-f979-449b-844c-5c7880ed319c,603.0,2024/12/05,Completed
0b33b7a0-5163-4a91-b993-b65f35ded447,27180985-f2d6-418c-83a3-574a919cf735,348.0,09-01-2024,completed
ebfdb100-4034-4202-b34e-5ba1dc07605e,335dc080-7647-443f-99a1-48292cef781d,560.0,19-03-2025,Dropped
6149ee42-642d-43af-8e72-1365a4e60afd,816ea5c2-4ab3-4590-b262-e1452731660c,797.0,07-06-2023,Dropped
31c034f0-a091-429b-af18-35b139a90a45,7059e387-b89f-42d2-a873-7d1455fccc14,514.0,08-05-2023,active
,49adb07b-874f-4c5c-9a06-64b93eeb2f03,186.0,24-06-2024,Dropped
f6d4461c-8c10-46bf-a4b3-7794293db7fa,af4c9dfc-1c82-480f-8e84-c070514b30a9,502.0,2023/06/08,completed
04786088-88c6-4a79-849e-bfa568f0ca5d,b95d43d6-2b7f-40a5-b871-89e19e5baabf,371.0,12-04-2025,droped
24bb8796-09d6-4cdc-9ed0-b58c52581086,3bd14558-af2f-4f8b-9a92-26d6e6c9fd54,684.0,2023/04/23,droped
0ef473a2-900d-4f16-80e0-32006197337c,9123f2c5-c4c9-4949-a334-fca6d04f0a71,798.0,2023/07/20,droped
a0d763f0-c31d-4b91-b97a-0433db648ca7,12ecaf24-8bab-4c1b-904a-a13409028dd7,262.0,04-05-2023,active
79f73374-e92a-409b-92f1-8f28a61bdc7d,62d47bff-a510-47b4-924d-4a86efed0e52,961.0,2023/11/24,completed
731da6ec-6303-4bd4-9db5-64b5af8422cc,aed14cec-3cd7-40ea-bf81-7a17e9058f29,966.0,04-05-2024,completed
fae9df3f-585b-4128-8002-c5eb9cd3e931,7aa83419-7479-4994-a2fe-9cb4fcec1791,929.0,02-04-2025,Completed
895517ec-7447-48a1-a734-0be8e6092042,24f7e239-394d-4156-9c31-d125e123433f,657.0,2023/11/27,droped
f689c4c2-2ca2-4887-bb21-68c4a3188a65,41d893a5-ffc7-4ba2-a371-9357f7a58f8d,730.0,2025/03/04,droped
055c22ad-bd71-417f-9e3a-5dad290a8303,24dc1ee5-4cc3-48c3-8e32-00af6e8649f1,606.0,2023/05/22,Active
e13ae6f4-b5ef-418b-a90e-1a7e75be1ba7,fccc1a7d-3a1b-4a9c-9a07-f08e8a9fa5a1,609.0,25-02-2024,Active
5a5a5dac-a062-4c48-9713-1c2e2001965b,6bcfdfa4-67e2-420e-b11f-1e9735461a1c,867.0,2025/03/05,active
73cab4e3-bbc3-453b-b5e8-abfe6af01106,76a90f78-6370-4da9-b3ce-caaf71a2f6c1,343.0,2024/01/26,Dropped
661d3354-aa55-49af-9375-74b0567a25f8,34b6d9da-87a9-4faf-b92a-b1b72213cdad,490.0,2023/10/27,droped
9181c8a2-30e3-4645-b66c-4a03378aa526,bab3d9a3-dfa4-46da-b2b0-74a331d16ea8,654.0,2024/09/12,completed
e67d9f00-5d08-4254-9e6e-ac9cc8bc7784,c393f806-dcc8-4801-8c57-3243769fce1a,707.0,24-12-2024,droped
4e90ee87-a4dd-4fe1-9ff3-fbbf6880534f,78612769-242e-4cff-a490-7a6336a8d53d,236.0,2023/07/12,Active
4ce1ca16-73cb-4b3f-a6f9-08648af6d268,c64ab8bf-f4aa-484a-9538-2419e798d9bf,686.0,2025/02/22,completed
330c8461-0d06-4891-a980-8e3c9fa3fe4b,e3d21a33-8d3b-41df-9672-67353798fc80,645.0,2023/08/18,completed
847aefa5-efe7-49dd-a260-dcbea8deeb1c,716728ee-f175-4208-ae29-23866e896265,703.0,07-05-2023,droped
9140a95d-62ce-4959-b4da-1f50b1a7fe09,fbcf57d7-45f8-4c5d-ac1e-86bbaac016bd,616.0,2024/11/18,active
27e6287b-c4ec-4a32-9038-9f81ae3dc742,c827e7c0-9337-4b34-a6e1-608ea4282ec4,495.0,2024/12/31,completed
510588a9-694a-48b3-a693-2d9532a3a8fb,bd0c1656-de37-4877-bee6-187277f4d7f9,367.0,29-07-2023,droped
50f370af-7c97-4337-ae66-8fd2c33b14ed,9cc15301-c36d-42ec-aeda-69bc9c406cbe,690.0,04-06-2024,droped
09098704-e03c-419a-a0ca-381cbc3dc68a,10bb5ed3-c976-4bdf-98d9-39ebad1abfd5,821.0,24-06-2023,active
dcbc5e3f-eb90-40cb-8238-1c49057eccfa,da440dee-54dd-4ff4-8d81-339dde952d1d,190.0,2023/06/27,completed
5b5073c7-e6dc-4c76-ae7a-e3bb50340715,f53ca48b-268d-49f4-be5b-8a9233f8457c,734.0,2023/10/01,droped
5ce9a3d3-10e6-4383-9736-b50e4ebc5f60,955ce1d2-50c4-4c2b-a8c4-51fc9f8c1c81,424.0,2025/03/21,Active
56afd9ce-799f-42c0-b255-7e4ed4087cd1,4da12b02-4a2c-4830-acdb-1625b41f5721,888.0,06-07-2023,Active
e69bf25c-28e9-472b-8fd7-dcedcd65e328,6a499f0b-29cb-41b1-a6ea-945ee16c77ac,224.0,2023/07/19,droped
68e0c800-9e48-4e45-a904-ee42884526f5,a0f155fb-8d64-4c21-8fc9-3778288510d1,378.0,17-04-2024,droped
b0a17621-47fe-4ddb-bbb9-bf21b32a3228,f9e34f60-3fd8-427f-a755-b655d9162e44,240.0,2023/07/16,completed
e8c0563d-258a-4c6b-b205-da82a9f3531b,0a14b309-c173-41d9-98d9-827971e538a4,872.0,2023/08/02,Active
611e6047-790a-474e-a185-e21be156df17,051bb698-c463-499a-aba3-21ef7a14cf98,858.0,2024/07/17,completed
5cc53673-d165-4869-bcde-b1c8b028bafc,9268b5df-95bb-4e09-b0e1-3734ee523a03,987.0,2023/09/07,Active
f8655d61-0515-4381-a4dc-668072847156,9118b0e6-abf8-4388-b254-a50e7de471bf,184.0,2024/01/11,active
15c33fae-fce1-46a1-96fb-9a22e2b6ef5d,2d5f4dd3-11a2-464d-9eb6-3bc5e2f10e16,143.0,2023/08/01,Active
64c40063-ad68-43c6-8cd3-a6a49fc08086,fe2e7c0f-1c68-4614-a644-b6f9eab10bcf,342.0,14-04-2025,completed
,4ad76a0d-5219-4d62-a25c-6c5cf629c955,134.0,2024/10/22,Active
1544409d-c95d-4093-b2e2-0d2fcaf3c094,cca0152e-fbcb-4db6-9a51-ec625ace6550,632.0,2024/05/07,droped
971f640d-e41b-43b9-9f32-5c4c0415a961,5d7ecb5f-2b47-46c5-bde0-2b7a6af0ebbd,970.0,08-02-2025,Dropped
47be30eb-836f-4d38-b128-6dc840b1fb20,ea7a109e-e77e-42a9-853b-0173fb66bcaf,523.0,07-05-2023,droped
2ab8c610-e7e3-49b8-918d-a4887d5704df,b354f19d-3d22-4110-a63f-69ea0d5098fc,394.0,13-12-2023,Active
6ed5ca30-ff03-41a9-b2ed-257b435b6625,bfffd800-45d8-4da6-8a5b-4eb256679189,236.0,29-11-2024,droped
148ae202-a8cf-40c8-b545-3946a81d0ecf,,412.0,24-02-2025,active
02bbc915-9fc9-453a-ad32-1036fa6e8103,4d7e6eeb-04eb-4694-92da-e5a7bc11733c,601.0,2024/02/08,droped
6148ca39-7859-4906-a78f-980a331bc38a,ac01e53d-b1fe-49b8-8936-312c636dfeba,189.0,14-11-2023,completed
5de63467-55ec-4b78-a009-4db3b265293e,fe600c12-da87-46db-8338-b815cd9afa65,471.0,2024/12/18,Completed
5795bee7-b510-461a-a83d-ef146cacf6d9,b8180f1c-58a3-4011-b162-4df921e10ae8,245.0,2023/11/08,Dropped
4819a23a-7d23-4d9a-b162-1e958d68f317,732af4e8-e9d1-4994-9553-8cc94444a6bd,662.0,2025/04/01,Dropped
aa8d904c-ce33-4ee0-95b5-2510abfb9abf,8240252d-dc89-459a-9190-ae93e9d0c2ec,303.0,14-03-2025,Dropped
20e7118a-cf8d-452b-85e3-d1071d0ffe16,3e32b1b4-1b67-4a64-8316-959cce64debe,129.0,15-06-2023,droped
276cf202-10a1-4a0b-9f96-600d2d56e616,c7647651-3ca8-42f2-8d2c-4a3092689d81,275.0,2023/06/25,Dropped
b91d8c4c-0278-4c40-934e-2bd9dd1ad072,57549c43-ce96-4698-bc8b-7eb7037146f7,666.0,22-02-2025,completed
27ff97ca-1204-4b0a-9e11-e71ce8ae6b4b,df10c0ab-f734-4784-a049-d164952f6d11,691.0,10-04-2024,completed
c93fec2c-54b5-4773-9f97-3c95a189682b,1f39f9f9-9cd1-426b-9b17-dab8aa3961be,574.0,2023/06/01,Completed
eb0230a0-3313-4402-a382-d280b44304e9,2f81d4b2-14c6-4d19-ad33-29b7befe0e22,367.0,2023/06/29,Dropped
00fbbb90-1772-4cf0-b38e-6bc3b7df852c,3baada26-af83-4c06-8aa5-d22a6ed7149f,968.0,,droped
630bf0db-1454-478f-b78b-f29d0cccb5c6,3150c323-8782-4633-a01d-9aeb52060f1c,352.0,2024/04/22,Completed
fce8f3f0-b54f-4f8a-b282-3c8ad14b049b,2fa1f2bc-b4ce-4f31-9aff-48af7ecc0177,937.0,17-04-2024,active
9780fe9b-ad18-4723-bb47-d3a449be8766,7148c007-0faf-46b4-9c63-df5edd712dc5,912.0,09-09-2023,Active
2d0490a7-145d-4ec7-819d-c12d81f10d04,24d6281f-4365-4cb8-b29d-cf9ef9648a0f,600.0,2025/03/01,droped
3078f3d0-f904-4be7-934f-a5c88ac068d3,c2fc93d9-b3ef-49d7-9fbf-23bbb33109f5,809.0,2023/06/16,completed
5247a092-d93e-4b08-afe2-6180302dc72b,29949775-3a4b-40e3-bdf2-6dafc19bf990,162.0,19-02-2024,completed
4bf5cf0e-97a1-42a2-9606-be66a2a2d1a6,a3fe085b-81b4-4b37-a98b-4ff499ff70c6,183.0,2023/11/26,active
d3105f4f-403e-4ee2-ad30-a1b937dfc571,87d22e31-3da3-45e2-bc46-00bd584220f1,992.0,24-04-2023,Active
aefbe3b3-f7d7-45c0-a3fb-7b87a7a3bc7a,29489bda-c119-4d43-880d-0cf3406d5351,700.0,08-06-2023,Active
581f03df-7e71-4da8-9012-8b960fc64cf0,9eae2feb-0f76-4282-bba0-4391e716eb38,297.0,25-11-2024,droped
ac8d8f32-1477-4569-ae1a-b11ad1550475,722899a2-b752-4753-a60d-400fc3b1ef08,707.0,28-04-2023,active
16965a15-acac-4b18-be88-64abfa27a8f8,ea94d306-c579-4f5d-9690-40b0518288dd,261.0,2025/03/29,Dropped
9b027f54-ae5b-4ff8-b2b5-1b605c89f06e,91b72a5c-10dd-4f06-b594-6de4ad9e392f,789.0,08-11-2023,active
7366c606-51ae-4d48-96f8-3aa7ba266e87,7afeb17e-cf9b-4d33-be00-565d5bad4331,838.0,31-01-2024,Dropped
7d34d5ec-c36f-4008-8cdc-ffaf7fec01d8,beb64fd8-ffc4-495b-8bc1-35a9503fe053,354.0,13-09-2023,droped
0aee5a68-2ba9-4b90-9654-a5e43a658603,77069f94-68e4-48e0-9a57-5306b0dc80e8,113.0,2025/03/02,Dropped
cbd725f2-ec66-455e-9309-c42a762e0da3,673ad8cb-f8e7-458b-b1f9-7ce9d8b304a4,882.0,13-04-2024,completed
73c1d557-76e2-4e93-a62a-bbfede61f70d,c0242e61-bce4-470b-a45f-8b4a27165ab6,637.0,2024/02/12,droped
df94a2f8-0644-4f36-b31b-38886b6ab820,61a73056-5114-4a97-89cb-c14823b1d124,393.0,22-02-2025,droped
5d9f2c8c-6640-464a-a63e-0670a1d76730,d14170c1-ca97-4f1d-af33-9c5e03923cfa,458.0,14-09-2024,Dropped
97cabad1-26aa-4809-ac3b-4e9ce7c5d314,1847d750-378c-47b7-af14-b369f22fdeb8,782.0,2023/05/01,Dropped
45590d60-265f-45c1-b8e7-e190642bb07d,7f5085e7-058c-4d44-b2a0-2b53565a4a42,334.0,17-02-2024,Active
f487b599-d46c-4776-8db3-a04428876b7f,3a4d1f57-4715-4ad3-8ca0-cd2ada9398e6,475.0,13-09-2023,active
7fc76f6a-b946-4130-9b58-e20a7c8d8aef,da024444-f284-46fa-af63-35bf6ecfaab4,259.0,2023/08/21,Completed
0f4c7562-aa71-495c-b816-ee8a7cc27448,1120c1b7-1b23-41f0-b620-e4c05a766ac4,670.0,26-12-2023,droped
4a10ff5a-9b99-4012-ba09-071cb4bdfeed,f17e993d-84cd-41d2-bc32-f2ee2437e380,541.0,06-05-2024,Active
7d91dbcc-6a95-4ce2-b766-3e35cdba2cac,a1aa8c49-4ed9-474f-b4f4-8fdc0351d800,209.0,2023/08/20,Active
af1e6596-4f84-4346-a165-c37d56ad3649,1f3163fa-9c93-4245-add2-c6839e54b7bf,327.0,2024/07/27,active
57522610-482a-48ff-8796-45b8212232df,b0427c62-ce9f-4278-9f94-2c43b989a884,515.0,2025/02/18,completed
f86e2588-90b9-40bb-9e9b-fa6c20cd5bb8,7273b7af-0488-40e8-9028-f5b47938ce7f,897.0,2024/01/31,Active
f1cfc83f-359e-484a-bf01-0e256ac08ccb,e8ff561f-3bc2-4d89-b033-3c0d5381e235,240.0,2025/02/24,active
ea6dccb6-a245-45d4-9002-6d68e70dc8b8,c96c2090-79e7-4f99-b8f7-9639e6defc16,916.0,22-11-2023,active
cb37a85d-93c4-4d32-973b-df7a8e14338e,e6e005dd-31c2-4ddb-b2c5-b9b954c06524,335.0,2023/07/26,active
a1f76e1c-c816-4e32-9263-a195f7294c21,3a9af0b6-e950-419d-b89c-591d92809c97,113.0,2024/10/20,Active
d035dd19-3cad-4401-9c00-cb5297c40530,90344c86-7d14-490d-bfc4-f4d0d1d50a53,450.0,2024/04/17,droped
82ce4e0c-503e-4af2-84f7-3882e3fb8c1d,c00c9ab9-6257-47cf-9878-1ae5e17766b1,573.0,2023/08/12,active
877bfb50-14d0-445b-9257-fa5d9fa4b54f,e6829d8f-9a43-4a95-b672-cdbe7dae4677,382.0,10-03-2025,Active
44190e59-ba52-4bf2-b551-5cd0f2780c3b,c705dd1e-63bb-48b6-b311-71a7112206a2,545.0,2023/09/16,Dropped
b63f93f6-46b5-48f6-851b-2922ca916df7,c71b3b67-d907-4314-9d20-d8de24a11c7f,223.0,2023/06/03,Dropped
a210dd25-392c-4f42-bf20-3c2279477aa8,d32880c7-5b2d-407e-93c4-525400c818ba,260.0,2024/08/13,Completed
c89f884f-2568-421b-8fd7-3af97b8899f9,7c152622-51ed-4b85-b4e8-2b6c45d3708a,461.0,19-12-2023,Dropped
333705f9-894b-4f90-a21a-47b99ad24609,302d8d1f-a555-4fa1-8f8b-e8bdd2fa9b0a,372.0,2025/04/05,completed
4badb973-1ed0-4243-9ae6-9d9798fb7955,e28065d7-bc49-4467-8f81-0db2bbc1686b,219.0,2023/09/17,active
484f0da6-810e-4d40-8c81-55da86043d41,6c4928d4-6042-4eb5-8a6b-eccd3f8bc509,368.0,14-10-2024,droped
4c55542d-02cb-42d1-9a4a-9d0bd18ee31b,4bcd6e4d-24e1-4716-b449-131842d01a0b,376.0,2023/05/08,Dropped
c32aeb1b-a4dc-4a67-a6d1-8c910760d408,77064602-5e5e-44cd-9426-512f6be26493,725.0,11-12-2024,completed
7259f45b-25ca-447f-be33-ebd7e8e91639,282fbcce-8e25-4e3d-a1cc-06e5a03a5196,504.0,2024/07/23,Dropped
1b952ae5-5068-41b9-822a-899a71b31c91,46a49f8d-74b8-4222-8607-81e5efd8dfa9,223.0,2023/09/19,Dropped
48e636b5-740d-49d6-9b46-5e04b4cfdcd7,52a343b8-20e7-46ef-9623-934629b3e2d3,201.0,2023/05/02,active
5397ff39-de24-4ec5-8d6b-a0191fb8e3c2,2449ea0f-5e6b-4e56-ba23-53358d759038,950.0,2023/12/19,Active
8cd5219a-6001-475d-b872-c503d4f12110,a575c5c7-6f2b-437e-a0fe-f51e0684e438,709.0,26-12-2023,Completed
9cf2f216-539c-4e4f-ad91-4e296541f574,a4c45829-08d7-4827-82b2-315dd608e6ac,370.0,2023/11/24,Dropped
918b2860-c1a9-4b3b-90cc-44af52f2978f,0e4cc983-82ff-41e0-a21d-4d530a14e77e,571.0,31-10-2024,Completed
7f2632df-21c2-4510-b6b2-b13cb79f0581,23d13c7f-1161-4b5e-ad4c-8325105a4d40,128.0,2023/08/14,droped
f0abe316-29d3-4291-85d4-f2c11a2d4453,c1315e84-1784-4919-bc29-d9edb6bf1f51,800.0,2024/01/23,active
14c6d16d-5691-46b9-9b69-a9a8f8e9ed27,11cfc46b-c037-4059-97f4-680169a2e466,956.0,2024/05/05,droped
865162a6-0fe9-4780-8b8c-6b6e668b179f,655f9c8c-ca2b-48f5-a44e-3b1c6a961ac0,659.0,2024/10/09,Active
16e7bff3-d2a6-4853-8c50-1e6e27ad082f,28b82fa1-72d0-4649-b50e-a2b2d07a2b58,464.0,17-07-2023,Completed
42c0d1c2-de60-4544-a953-1b87c344819d,a50ee5e7-0e77-4689-bd40-7ee03a36a26d,652.0,30-09-2024,active
a495430e-0d6f-485a-8633-9f7f8ec46aab,7a8ba3cf-39bb-4b8a-b281-738ed7c7d8e6,948.0,21-05-2023,active
3b8ff9d7-c22e-4fc4-b810-71770acc09da,ded7fbb9-f454-4f98-a712-cefef330f931,784.0,03-08-2023,Completed
6334db06-52ac-4e30-91c8-10ef802643c4,6553b96b-ab96-4b35-a263-7d77c186cbce,714.0,03-05-2023,Completed
7e029b3f-4a25-4ec8-83fa-363d829f8b39,b276c469-b6f9-47dc-ab6d-a9ab0604f4e7,588.0,06-03-2024,droped
333b5a5d-0a45-4604-9165-ed7f8cced653,3ac0e784-3576-40f9-8937-a98296f48688,909.0,2024/07/14,Completed
b3aac060-5971-416a-81d4-bcf67dd0a74b,5e3cff18-e1b3-4d64-94e2-a33d14a3ffe6,281.0,18-05-2024,Completed
65adafab-2a07-458d-943b-bf74e609456a,01e1af8f-8946-4e5b-a6fa-3d5c3678a41a,917.0,2025/03/29,Dropped
480af459-9f6f-4967-be87-6c4fa0af9f67,82c901df-5fd2-49bc-8e67-3bc844016c6f,755.0,2024/02/14,Active
c11161a7-339b-4275-95b6-eac128eccd72,321e2462-55a0-4b97-819b-73339b8ce31b,372.0,2023/12/29,Completed
1e81c599-6483-4f5b-82a5-c37ce5de9e28,07609502-739f-41c3-890e-c6f3a684b83b,245.0,2024/03/30,Active
abfe1fb5-a6c2-4716-b7bd-77509a7650dd,346003a3-67db-4a91-851f-cfef8305a8cb,,09-09-2023,Completed
cdfc9ce7-6330-4ee1-8aaa-3c511cd97b17,dfcdd21a-eede-401c-be29-04f81b52a1e6,546.0,2023/09/25,Active
bc57003e-91f9-4586-827f-9590333c8c30,b09371b5-d53a-4164-8c71-b0d5bf4d493d,689.0,23-09-2024,active
d15f4acd-97df-4472-a2fb-a2a136df253c,0deb083b-76ba-4572-9c66-74384da9b236,215.0,03-09-2024,droped
e3e492f3-911c-4bb8-bad4-d4c4a0493ed9,37809a0a-4098-4e31-97f3-b054e266c16f,309.0,19-05-2024,Completed
376788ab-032a-4c06-8f55-b58e061893ec,557c9198-dc40-4c3b-ae50-b78bd45fd39a,354.0,2023/09/26,droped
63796fa5-b84e-403d-b261-29777fe54edd,fbf676af-7537-485e-93cd-c93fb84fe81c,122.0,2024/02/16,completed
ebbaca66-2a4e-4d28-80fc-e1449a106a52,98c3fa3d-8f92-4bca-baec-c9537ddee37d,731.0,2023/11/26,Active
db7be180-aac2-4afb-bc9d-b15bcb8553f6,9dca71ef-13e2-438a-bf9e-e7b6f0154f90,526.0,11-07-2023,Dropped
07fcb800-da49-4408-8011-be30e268d92f,02dec88f-db6f-4ad4-8cce-a3259e88ebab,890.0,2023/11/18,droped
71ef7e0a-4dae-4c5c-8000-9f1eee1eedbf,f611c0ec-916f-4778-ba8f-3e6c61a4cd19,,2023/08/20,droped
371e7782-5e38-4274-8db4-a7fa18e43d85,6c5495bf-f88f-4979-b0d7-509da551524c,523.0,15-11-2024,completed
47acaec9-137b-41c2-9f71-31e1e05ead1c,4c26fd27-05bb-45e4-a754-08376ae06e01,371.0,07-12-2024,droped
4d53280e-1ebd-45b6-a605-84a208f548e7,ee1cb89a-74f9-45ca-8341-fd0e244f802b,618.0,2025/04/12,active
ea210067-ccf1-493a-bbb8-704ee32a2749,a2ff6996-eb5e-471f-9ecd-9ed73464fd00,922.0,17-11-2024,Active
07c62bd3-caf2-4c2a-ae8c-51f9f3d21fd2,79fc3831-ee9a-41b5-ae58-d695e15ab8f3,803.0,2023/09/01,Completed
b98d15a7-160a-46e1-9cd2-7c9f03ac0d1b,e2edbb63-deaa-4caa-b48a-e89c3c1c09a3,585.0,12-07-2024,droped
452319ae-45ec-457f-8eb4-b40eb1e62f11,7acf41f0-902f-4243-b3ef-baa905c66c4d,312.0,07-06-2023,Dropped
37296854-273e-44e5-b119-e78cbb3f4297,609eed33-ad92-4bbf-a5c5-1c9a10ae2dfc,435.0,12-05-2023,active
d498736f-6eb7-408b-bf57-2473098364e3,f91070e0-2cce-4cce-a994-a2ca7738381c,408.0,2023/04/29,droped
a8179850-0b45-4b04-a5bc-89c093a69684,e05a2a8a-c500-4e3e-b59d-219410217062,484.0,2023/11/23,Dropped
7aaaf675-b807-4b46-8814-e14eb5bc1efc,063fec11-446c-40d6-8d4c-01b333e40ea9,520.0,2024/09/21,active
302557f7-df3a-46e8-b693-9800459f5497,cf735afa-72af-4a55-b08e-8dd43c1d10be,985.0,2023/04/20,active
df9f1099-0b4b-46c4-a672-5796feef341b,6f72bca4-db64-4c30-95dc-4812902ea8c3,426.0,26-06-2024,droped
cabe2348-7d10-457c-b3f4-5487f3bfde5f,be162e89-d934-4309-b72f-8d063b44f3d7,478.0,2023/05/25,Active
9919be91-16a2-4e58-9d31-626349592f6e,78f4223b-d21a-4375-b4cd-4a415e072fb2,817.0,14-06-2024,completed
e6ddbbe3-a89a-48fe-9f8e-74df29f5010c,8a6fb508-8d0f-49b5-b9e8-26d05f0bb32f,109.0,2023/08/10,Active
58c714f2-a3aa-4839-bc35-bc9a521a21a4,66db005e-9488-4285-ac88-d2576831429e,880.0,2024/02/02,Completed
c46ea4cd-58f1-4399-bbc7-7e9877ad0afc,ac334f9c-d071-4654-a5cb-49de4addf902,882.0,22-11-2024,active
8ad21d5d-acfb-405e-be98-4064e3b19fd8,6e84a24b-f61d-4b9c-9c3e-82e96867453f,194.0,2023/06/25,droped
233c790a-e280-40d1-80d1-bc319a26a065,,649.0,2024/04/15,Completed
dc9eec0b-8a09-48b4-80f2-b34e7365949b,0af20a23-e3c6-4f79-aa0e-0060ae2a9c01,300.0,10-01-2024,completed
fb932692-dc16-4e3d-ab15-9f5b81a05782,57765dc6-994a-47f9-a522-0779a0041dd5,921.0,11-06-2024,Completed
28d04562-beaa-400d-94fe-cf58a1f875a4,23b7aaf6-92dd-4487-8c79-eecad9e18c82,535.0,12-01-2025,active
b1768686-d31e-46c4-b4b0-258bcad2b7c2,6b4203f7-d2cd-4f44-94ed-228b65773498,590.0,2025/03/03,droped
8b435eca-805a-4db5-bd91-aa631ca42a3c,9351a5da-1a93-43f1-8502-76c00abf1903,572.0,22-04-2023,completed
aa25a578-8cea-4275-af3b-bcb5413524d3,3a0e681b-bd5d-47a4-aa29-e752f139e895,787.0,01-10-2024,completed
7d3ae67e-55bb-4d22-89a8-4bddb5b25ed1,d622d179-bb5a-445d-9353-22bf1dee8ebf,148.0,2024/12/27,Dropped
651c21fd-efda-449e-8c67-43e15f9209ec,648e85eb-d1c1-42db-a82a-113285eb4279,249.0,06-10-2023,Active
68729600-bff4-4e06-99e3-f0f693b78bab,1b3ec681-fcea-445a-8066-98e4b013b8e4,888.0,2023/10/11,droped
27dc0857-7422-4cb0-a4d6-c76ca3f5cc8d,c0d98272-e52e-4409-b1a6-3ccfd597ea14,892.0,12-09-2023,completed
cb28f9c6-e4a7-4d11-8027-112ab75901d0,1b98d67e-ccc8-4dc6-8127-a367f822c3b6,273.0,2024/05/07,active
b1e76ab9-127c-42f0-aa74-bb8724f47c35,c17c2577-3de8-4a53-8e7a-7311f33a72c8,655.0,28-02-2024,Completed
8abe5779-3591-4434-9342-66c94d88136e,d082b3b4-f398-416e-98b9-f0a2a36442e5,831.0,14-09-2023,Active
4bb88157-07f6-408e-8426-fe7b060476dd,d3e14d83-2f8a-45db-b503-ae051efece73,373.0,11-12-2024,Active
40e10b51-1128-4804-9243-161cae34097a,6c02c976-1e73-4307-b375-90d373dd8d31,983.0,21-01-2024,Dropped
b2a43bf4-02b4-4d26-a72b-0fa7a95da34b,63436870-57d9-4647-8cda-ebf498f9bfb4,626.0,2024/02/04,Active
9e87ad6d-6db3-4da5-8dc4-f59c355cdfff,a29dc073-7a7b-429b-ab68-007696f5f9cb,468.0,2024/08/08,droped
7dc807a2-adda-43b6-8ab8-4fe297e4e173,51d3649c-7fff-4983-8811-90e9fa1d8ded,167.0,17-01-2024,droped
793daf5a-b35c-4601-817a-f0cb07f2422d,c0bf3b37-623d-4905-8c3e-b36ddc75f4cc,919.0,2024/06/10,droped
b047824a-6c36-4d23-9916-f984c510c97a,59debc39-e171-482b-9ec7-8199964dce39,624.0,2024/10/01,droped
61458972-06fe-49ea-bea0-9deb7d84dae5,c25110f8-7cc9-4b10-b677-fb0609e6614a,895.0,22-03-2025,completed
8b3236d6-408d-4212-b991-329a163a6695,b96a5305-3ed1-48f8-953d-2c6b1790834b,207.0,2025/01/23,completed
1810c0ab-ec1c-4109-a19c-cc9ab7321e2b,565eb679-bfc1-42f1-a13d-ec3a7466509d,846.0,2023/10/23,Active
08caa5a8-7822-439d-bbe7-70a69a861a16,c6f43468-8d78-41c8-8f4f-f14552a7c5d6,764.0,2024/10/16,Active
9d1c92f0-3770-4be5-b381-c6ebdac9d4a4,af0f134e-02a2-4fcc-984e-e3db691d8bea,215.0,2023/07/27,Active
c7e4cbe5-acdc-447b-9cdb-002197eaf79c,71c629a6-819c-44c4-af7f-6e3f073a7522,629.0,11-06-2023,droped
46556f9a-7692-4681-ae65-4dcc8087d4bc,cd227ff2-635f-43f3-90a7-1d24b2772e31,935.0,06-04-2025,active
0c789409-b96d-4079-a759-08f08921349f,b2be520f-1e1f-46f7-95ed-e22d40d1ff56,544.0,24-05-2024,droped
73a44f97-e6fa-403b-ac85-ef207db8aa1c,0a3169f7-29a9-4bf0-9a82-95a04b1b9280,921.0,2023/11/30,droped
1c13a1e7-6d3e-4848-94d7-a72899e305e5,d65e2bcf-f7f3-4c54-a7a0-b911afd29b72,915.0,17-06-2023,Active
3fc1428a-7c7a-4691-bb6d-eeca32f9bae0,be99919e-c696-4772-a326-55640175105a,349.0,04-01-2025,active
c5c01d05-2d37-4a8c-a7c8-f28da7641ff1,2ec3f8e0-4d62-4050-8b3b-5efa6070b244,884.0,09-10-2023,completed
9564d4c1-aedb-4262-9d95-b4d7570edab2,b6bd6dbe-3a8e-46fd-be4c-410bd87534bf,792.0,,Dropped
e9623c3c-f2b2-42f2-b366-51c5cef483f6,23a2f59c-2a18-4cbc-99fe-60521db80b51,513.0,30-07-2023,completed
9aeec74f-f259-4fc7-ba92-6f97bd87ff11,7f0366ef-7027-44eb-860f-c65e9011be99,548.0,2024/01/28,Dropped
0541f3ca-6e12-4da9-b2ec-7ff4cb59b151,b19dab55-e5ce-4a0f-8671-e213b55a478e,499.0,30-01-2024,Dropped
6b2afb3a-1b38-41ad-8b21-cf12a284598a,6fb0c665-4766-429e-8895-df3c7941a6a4,825.0,24-06-2024,active
10af54cc-1122-428f-ac18-eb52b3b966e2,f2db83c8-e0b6-41d0-8345-429c16558df4,728.0,2024/09/16,Completed
81d231cb-66bd-4d42-b981-0edf5b8e76fd,ed88bdda-e818-4064-be44-7305eb55920d,675.0,2025/02/27,Active
2978868d-062c-4692-9efa-91a02334fcc4,aa25e8da-2fd1-443d-9207-1602161cd674,681.0,2023/09/18,droped
8bc15738-ff1b-46a0-a8ec-b6a17233bf8c,7a5653b3-4354-47e1-8eaf-b35b5f91b1af,543.0,09-06-2023,Dropped
2f7d987d-a800-4519-8a3d-51ccf88aa20e,8f464f34-1da8-4583-a9cb-21419505d99e,472.0,2023/05/19,Completed
4ce34923-25bb-4b7a-b3d3-958a3b749fd2,64058e04-b393-4b2d-bf23-f095221a5dd0,123.0,27-04-2023,active
c9c01379-829c-44f7-8f5b-c40c5f321f6d,aa7927f8-8649-44c3-9cdd-5a61031d45fc,467.0,11-11-2023,completed
4da7f632-0244-4c10-87d0-1cf295e81a39,,685.0,03-04-2025,Completed
cd1d19da-7afa-48ce-9c4f-57fe3e618f4b,7989d78e-a9fe-494e-b04c-7b3936abeff0,220.0,2024/04/24,active
2c239586-195b-4525-b6d0-bb417a8e55a9,a0850656-a226-46f5-8d93-8a78634aa1a4,716.0,12-06-2024,Dropped
25679f2a-1227-47ac-8dca-6befdbd34a94,8286b3c8-db9b-456e-a080-293caac5e8a3,194.0,2023/08/09,Completed
7a49c96a-1168-4e55-82b1-4f24dc76a6a8,129543a4-fcc3-4cc7-bd67-eb3e836d2c1f,588.0,01-07-2024,Dropped
c0dfb921-a07f-4385-bf3f-d62f2a2bec6b,5c99d8ab-a028-4c87-96fb-3a9569dbb362,848.0,16-04-2025,droped
68094564-4331-41ff-93f6-362339b00426,0afc13fb-6e8f-49bc-809b-61e40f46bb11,955.0,2025/02/23,
071511b6-6506-4540-87d7-7fbb520b7950,ee4798d4-b9fb-47b9-abf1-a574314e9b45,990.0,03-02-2024,active
d61c8113-9b3f-4c54-b327-f33e6409e93b,e8527018-bfa4-4e84-b987-51a2ddef7af4,324.0,2023/07/26,active
ca5c159e-f30b-45eb-9d69-cf347ab7b78f,a562f0a0-6812-4855-a384-bc718271b0d0,967.0,24-02-2025,droped
3dc87f79-2843-4696-a2a5-ef39c163df1b,7f4423d5-49a1-47a1-8571-32539956ad9b,,09-12-2024,Dropped
07e9fb0b-998d-4ba3-aec8-261b1336d4de,15b83fa6-8fca-42a9-90fb-436c6ad5401e,805.0,2024/10/17,Active
c5ddf574-2543-4b1a-86ec-9e60e4433474,4702fe75-5e98-4fdf-8a3a-1171a432cc60,655.0,,active
ce8b30ce-a671-45cd-b6e9-efdc47e4b3f3,4db1f8cb-576b-47e3-aac7-c57bfc96fd06,814.0,27-01-2025,droped
,784c2537-f2d0-415c-9afa-1c944ee26290,574.0,20-05-2024,Dropped
df044782-c1e6-4068-a2d7-0bec7cdfa469,b1fbe012-96ed-49ef-b03e-5eb4d6e9fa04,144.0,27-06-2024,Completed
996e782f-9aee-43e9-aea3-98c6ec677b25,2323f3de-92f0-428e-892b-3dc3a937dfd6,133.0,2024/04/17,Dropped
7d5b6037-b101-4b0f-974a-f825564a9062,8459f41e-8861-472e-97a8-2eeff9a8743d,817.0,09-08-2024,droped
a10e1931-4068-4515-901c-778ca1a131b4,dfefb72a-4570-47fe-af25-2aa844a9844f,400.0,29-11-2023,droped
502426c6-3a53-4e53-8375-e8f9982cd08d,e83f6a2a-52fc-4f48-a7e3-37c4ed441085,985.0,2023/10/21,completed
f8eb51b8-5938-4971-b0f6-d8b690e65aa4,55c275e2-d363-421f-b11c-dad44e6ccc79,956.0,25-05-2024,Active
438f9d83-474d-4a1a-a95a-a2daad14e5bf,a8bb81dc-ab70-4385-ac81-4f559906d534,889.0,12-09-2023,completed
c971d849-e3fb-4c48-9cf1-16dcc4b03ad1,b03689a4-c518-420b-8d5f-e3f423a7b39d,725.0,04-12-2023,completed
5c8a6866-af9c-4cfb-afe6-01c530a19d7d,523664ef-8d8b-4051-8af3-5cd2b66e550b,468.0,24-09-2023,Active
85261ad4-94ed-4114-b672-e14bcc4bbc6f,b905a7b6-b97e-4830-9e01-86462c64f73d,658.0,2025/02/27,droped
34aaf8d4-3f3d-4b89-a37a-fc5c4a9d3213,d4946414-a229-46c4-8a39-d65a991f2102,406.0,06-01-2024,Active
cf407865-a5c1-4300-a324-57302ede3051,6441e11e-3ee1-4b8e-9fff-e8e67f387ce2,916.0,2024/04/29,Active
9174dc0b-eeb7-4413-854f-3fbfb7900752,25768869-5765-4418-8993-9c6e75863743,935.0,2023/11/02,Completed
1fda98c9-40a6-4de4-9271-e2959b21c065,8cf996a3-d028-4602-a066-5e51f76d7126,472.0,18-02-2024,Active
,7ebbf6df-ed84-4cc9-813b-48c4ef229e93,441.0,2024/04/06,Completed
9565bc2f-8cf7-4470-bda8-977aef4bd7a8,9144a442-82d8-47f5-86ef-7aaad2376d22,714.0,10-03-2024,active
fb48ac14-0d0d-4136-8404-fe9a32fe1dea,7d53c706-fb50-48f7-a0cb-feca6d7e39bc,497.0,24-07-2024,completed
630ae016-6fea-44f5-b9f3-43731bab13ac,2e5ce13a-23c5-4c31-9e93-eed6502a12a5,803.0,23-07-2023,Completed
fe833c05-cd21-4b86-8297-83925c807220,11fdde63-d8e0-413b-8a81-3e880df3da58,937.0,2023/11/20,active
44b6cc9e-8904-49d7-8c69-e2e81b829ae1,ecfdceed-188c-49b2-88ab-bf0d209ebc46,782.0,2024/11/16,droped
0a39561f-3473-49d3-ac5b-059aafcd2960,0f5449d1-910a-4ebf-a909-3889e42cfe33,980.0,26-04-2023,active
9fd60efb-fa11-40e7-966d-56e81c86cf6f,6e078bdc-48c0-4d33-86f4-dccbb835de28,999.0,2023/10/22,droped
9a898be7-9e49-4057-b86e-995d3b014893,ed87adb6-4448-4bb9-8071-26f39213f643,954.0,2024/06/21,Active
26d6004f-3c82-4de9-973c-92595a8258cb,51146ac7-9588-438e-8dbf-f47805e05148,825.0,2024/12/01,Active
f765f8a0-ce43-47c4-abfd-dbf938498d35,8aad970f-3401-4fe9-a21e-1d14d33b05e6,502.0,09-08-2024,Dropped
17576cc8-290f-42bd-b458-5d040476fc34,fa8a47d6-9d37-45a6-bd8e-880c923ccd64,103.0,14-11-2023,Active
187eb974-1fe3-4111-bc7b-5816cf3eb0d7,3891b7f7-6809-4986-986a-f8f93f068051,878.0,23-10-2023,Dropped
e4529643-2a67-4ce3-9c0f-37d575a239b1,478b640b-3868-4ee5-aae9-81cb2c6d523b,769.0,11-07-2023,completed
4ef97a7d-abd1-4f1a-bd20-144000cfa44d,99870266-dc63-4196-9463-20bc6f68d3b3,802.0,06-02-2025,Completed
3b70324e-36a0-4573-b237-e20d62fefcae,6895b96f-14fd-43a7-98e7-7ca219b1a043,683.0,23-10-2024,Completed
bd39e09d-267f-4a83-b149-7c7171b2b47a,9d741bb0-d9c0-476f-a26c-fccce35bba6d,660.0,2024/11/22,Completed
c3dab31b-8a90-417c-85e5-120a615256aa,ac5e1ec3-e1be-4ed9-b483-518e458fa881,590.0,04-05-2024,Active
8620a10a-e009-4d7a-8a22-6c566fc8503c,7fc0922e-054d-4197-9273-d60c57a03c17,694.0,2024/05/17,
71335445-d695-447a-a34d-75499d9a70e1,24fefbbe-5f7a-4026-b499-a7839b471e77,968.0,2024/10/16,Active
b2ed003d-d641-4ee3-99d8-176413cdaa4c,c9bef3d7-2b1b-4f52-a0ae-9b09aeeb5608,605.0,2024/02/26,Active
5a6f9b6b-5070-4efc-b7ca-273b3506880f,b705e692-3faf-4b34-862e-27af67b4c897,650.0,30-11-2023,Dropped
99b62656-6123-4eea-bb1b-f755e600fd68,0636f35e-f5ed-4ddf-b83f-1cd0e0b2f356,908.0,2024/10/03,active
a53dff52-3e7b-4fb1-9035-06bbef6d8fc6,b68bbbc6-73c6-4188-908f-d94bb294a9b6,758.0,2024/12/30,active
,7daf638b-053f-4a43-a187-4fa95c098a5c,653.0,2024/03/22,Active
6c944bca-e8c0-4c02-b200-fc98b963c2fc,59259acd-4142-400e-aff6-fa9a16e6e8fc,493.0,13-10-2023,droped
ff41e2a0-e95e-4740-9dd9-274444e527ea,2b258bdf-2879-4fa4-ba80-fdd042862014,567.0,2023/10/06,droped
84653d5f-a51f-4e7c-95e2-f91bda889b20,321a3244-cf65-49ec-87eb-754a995ef5bd,707.0,2025/02/04,active
5d549496-61a6-41c5-baaa-53fc094a8492,17087003-3a84-4b35-82bd-e8050c485217,923.0,19-10-2024,Active
9d8e20d6-17a6-4138-a8a4-14a7ea7523fa,4019a1f6-0cd1-4081-8d85-e013b20004fa,361.0,2023/06/19,Dropped
,dbc6ac37-2442-40c6-8b0c-100c2626c97d,193.0,22-03-2024,
2f9f02e5-ea7c-4b0c-9efa-6d4a474ca879,2aa82f4e-4fc4-48cd-a8d2-a8423aa58e1d,272.0,27-05-2024,droped
179f1235-df2e-4280-bb58-44f511186c1a,a7954d2b-9296-41b0-8d59-79bf9ef63a80,,2024/12/17,Completed
dde7110f-f42e-48ee-9f30-1cb5c8c574fa,49ca4ae6-2d0a-495a-bdb8-65cff106b83d,648.0,17-06-2024,completed
e5199bd9-6c5b-47b6-b127-f7bd78623252,cec74f48-0466-46f6-bc7a-912d2afd3660,271.0,17-09-2023,droped
113ff40f-13b9-4213-b668-4e199a463e70,d139e6d8-44e0-4371-99fc-9448c5d899df,447.0,2024/12/17,Dropped
c7706e6d-1fc7-45eb-88b1-2a442dc149dd,5e723c24-c2c7-4d49-8dae-27d77668d540,484.0,31-10-2024,droped
eea163a7-889d-447e-a718-91122dcdf65d,023d35cf-c972-438d-bee2-b11c2fd2908f,439.0,2023/12/27,Dropped
45b7e83c-c42f-4d59-abfa-ba2ddafbf997,803bd70b-054d-45a9-9034-ce8983641560,872.0,14-05-2024,droped
228c0659-64d0-42f8-8e8d-b9f5e5141d91,27e9add3-7814-4492-8c60-4d992ac09858,958.0,04-02-2025,Active
9be5662a-dc97-4a81-bdee-d56a21ddd27e,c87d01c2-92e8-48b1-9e00-3828d5935e79,385.0,21-11-2023,droped
2cd64d84-7477-4879-beec-05dc7660302f,3f8b015e-b6a3-4409-9c20-d86bb5d044fb,468.0,22-08-2023,Dropped
0ad27057-c127-4dfd-9b23-854fa3dff5f0,22ca9f04-609e-4e72-bb9c-7872112bc360,136.0,19-04-2023,Dropped
cc80a698-8765-48fe-b5f5-332849861a4a,651fd429-c117-4668-ad72-4e2e7d6dca57,834.0,2024/06/19,Active
e387eb15-6765-43bf-b9ea-88738a9db593,a5b8f158-f64c-41bf-b774-6c098669ba60,298.0,26-05-2024,Completed
93d5326f-9b03-4c39-8950-824d5a9b841d,67bb18ba-bfd4-467c-966e-c576b7e62b4d,,22-11-2024,droped
685d9acf-efd6-483c-8602-2833405db449,7fee16c1-dba1-47ce-80ce-9afc2ab9aa52,464.0,26-07-2023,Active
12cb7604-34f6-40dd-8952-9a77ce09e92a,d789c624-5e14-401b-bea5-9d94998c603a,265.0,06-12-2023,Dropped
6993e611-e777-4ef5-9ab9-ae1b1d93c7bd,5fa5c8d5-4cad-4598-a03d-e16161f041d0,985.0,07-05-2023,droped
c0146804-32de-4097-bcba-8dea50860861,c66b1f52-6f7f-4354-b72f-9fb6041b4c79,353.0,2024/08/26,Completed
dd7d8ff7-732f-4bd7-a5ac-f1b6c016c62b,bfcd3af7-c23d-4884-8a5f-ccf297266a28,989.0,05-08-2023,active
6577e64d-4d4e-4bd1-8b33-e3c6a62989b9,e6876705-0431-49ef-a46e-c70f3e97037d,477.0,2023/10/12,Completed
7c9d575e-40bf-4ca2-b064-02bbe75680bb,7717a7cb-b67f-4a23-b762-a6bb66348a1b,492.0,2024/02/01,active
2162d1b7-769a-4892-b466-b8f9e1e3e199,3ed04e68-0d25-4730-b5a9-8c9a6a71dec5,161.0,2023/08/10,completed
19edcdbc-ec39-412e-a3d8-89fae5a456d8,59bdfac9-0d99-4ab9-9fc0-ccce4ba08508,500.0,2024/04/14,Active
a747520f-e315-4b34-a2f5-63b1e8cdea8a,99260664-13ff-466e-aef2-2516df42ca29,409.0,2023/12/03,Active
8d361929-8337-4b02-9233-3b125ad27e7a,fb3a3e15-ef19-40da-8a5f-cede7a23c1bc,954.0,2025/02/21,completed
5a3c49e0-1158-4f46-babd-cb0fd8e06ea2,ec073a4c-4f72-4efc-b187-dc0954da1012,948.0,2024/05/16,Active
19eef9d6-fdfa-4cb1-82d4-93eb2a7b65de,8fc45e9e-b60a-4a9c-be8c-ea8a255c4297,140.0,2023/11/14,droped
37fc511b-826f-481a-8651-a8970f54c086,062e0778-5f0b-4135-8566-38c8a173e274,517.0,01-04-2024,Dropped
9ce8b890-cc6b-4a6e-9583-b4db67460338,53986e7f-9f2c-4e7f-98d0-202b75d5a115,369.0,2023/11/26,Active
8459f302-cd1d-436e-8d08-da995e331ed8,703ad746-e22f-4884-9f90-71b195eb44d9,571.0,28-11-2024,Dropped
8393a544-c37d-435e-aef3-d69b7ccde71e,8c490e4c-c780-4892-aa93-f2c4094183bf,366.0,04-11-2024,Active
1139dd0f-8185-4a84-90fc-59edbfba5b2c,eed5a71b-2740-429d-b7d7-5510ffa72ae1,784.0,2025/01/18,Dropped
b6da79bb-a91e-45a1-9484-d86560bfb13c,a29cc64f-b8f8-4cba-bb40-4bc8709ac2bc,499.0,2023/11/12,Completed
ea3d19b2-c319-4f41-a467-f4a324da0109,624695b9-9deb-4a4b-97db-46133242f61c,374.0,2023/11/19,completed
0b4476b2-0ab9-494f-b861-7ce964f75c10,22087d01-f41c-4c7d-8319-f3694d8b876a,977.0,2023/09/17,droped
6ae71db3-3193-4b1c-91bd-4f306b1aae6a,26d24d46-e217-44c6-936f-a1c9ccaa2cd3,541.0,2024/03/15,Active
fd8c93df-4151-4f1e-9174-b1368c0bdc3f,fdb3e9a9-0025-4855-b5ea-ede0ea83a56b,108.0,2023/06/09,completed
43f84fcf-0997-4b27-9bdc-fb3d29d4056e,10eb36b1-c979-40e1-bb8f-e7cfba2c43ec,905.0,2023/10/06,Completed
2a6504e1-fb2f-4e8c-aa46-391177e2f124,1d3ea32c-7e54-4a1e-ac30-4971ecc11ecb,564.0,2023/06/20,completed
e63f6d3a-cfca-46b9-b5a8-c1d7ab5eebe9,fabdc4aa-ba59-46c5-9de6-7f2c57bd9ee6,285.0,2024/02/02,Dropped
f4debda7-f4a6-4f9d-b80b-8dc0d9c0847b,8c44d60f-8efe-49c3-93b9-1ea14211c052,353.0,09-03-2025,active
54a2315d-bdfb-4259-907b-3c55e6bd4bbc,86d66946-5397-4bdf-aa39-9b2ca1ab975e,835.0,2023/08/17,Active
b770beaf-d5da-408b-ae94-c0b5aaf1c938,476a3991-aebe-47a2-8521-e25e96fbcb7e,797.0,04-01-2025,Dropped
3ecbc10b-e586-4e20-873e-69e998069315,6f125321-05b0-4ce0-909f-5fc439e82ba5,464.0,28-04-2024,active
82430329-f09f-4936-9401-e03445ae25d2,b96a3419-f906-4fde-bfb6-3b124cf21624,670.0,27-02-2024,Dropped
4ce33ed4-9779-4ead-b3bc-daee0d211dc4,1b435fdc-41f4-4834-9cf5-d1fccd3a7e73,617.0,2025/01/18,Dropped
d83060dc-393f-4079-8e15-673425e17dad,f4c800a4-e178-4474-b80d-4643c891e9bc,609.0,29-10-2023,Dropped
ed11b850-273b-4ecb-a7b9-86cb76df7b9a,817ef840-8ace-4a10-b287-9bdd193dab13,996.0,25-01-2024,Completed
6b56b091-665c-4da5-be16-064069a31ab6,14c4e22c-4c90-4dc4-94ca-6257910aeb6f,798.0,24-10-2023,active
f2d058ca-7b2e-429d-9f80-bd12299606d2,c6642ca9-10fa-42fc-a9b2-a838edac4484,147.0,2023/12/18,Completed
6f850440-0e91-4294-a3a9-9752ed167ec3,276f8e0d-6ea2-4b15-90a7-d3b967eaae63,476.0,05-03-2024,Active
5572fd41-07d5-4b96-ba75-b5fc7921f0b3,4ed992e0-1e44-45f4-9ed1-3afef006296b,167.0,2023/10/19,Active
7dea9676-ff6f-4946-a10d-14907c8c9267,96a2e79d-6576-4828-b551-7659ed86a0c9,687.0,02-10-2023,Active
3c304193-d975-4f32-ae1b-670f67c2e684,cdf5a57f-9c4e-4e7f-be44-b4c74955f0b0,188.0,25-08-2023,Active
53bfa311-9915-4bef-a8c0-ce9b560b63a9,1537846c-da6b-491d-a079-165797ec147d,826.0,2023/07/06,Dropped
bcc839fb-cbd3-43a5-9512-48e115042b41,6db4f81c-8a55-47c4-a669-6e53022c6449,746.0,05-05-2024,Dropped
f855ddab-ef33-4684-97a1-f56ee5865a54,a5e158aa-b287-49a1-8edf-8af6cb28ac77,980.0,14-08-2023,Active
78a118df-0088-4a76-8d25-c8d0fde90c2d,4a9ab305-222b-462a-885e-05182d756dd3,553.0,02-02-2025,droped
,aa82cac8-5b74-44d1-b332-2d31d3a65f0c,585.0,06-07-2024,Active
e493c415-2a4b-45dc-8a59-9c131667b920,09f81e6f-1997-4851-9484-2b4d4f4cea72,458.0,2024/07/14,active
9d46ea9a-0a1d-4238-bcf9-abbb15149d1a,31372ca1-ec2c-4f79-9249-38d2000df764,498.0,22-12-2024,Active
d2fe2d04-640f-4c70-a5a5-788e2b80d1ed,446fc213-1b87-4428-bd88-3d25fe54c772,114.0,22-07-2024,completed
86adab8e-d63b-4a59-9d8d-27524a9b0dc7,48d160c6-9cdc-446c-94f0-fd631259d654,327.0,04-08-2023,Completed
da36967d-9b2d-4eee-b65b-b06910a012b2,c6acdcaf-a4ba-4ef5-a84a-f9d8428e31ed,824.0,2024/10/13,Completed
9b428238-7f15-4663-989b-553583cfed3b,08335cee-48a0-4e4f-b064-672a394a6d31,248.0,18-02-2024,Active
29adb01d-aa3e-409c-96b2-43cdda26ec89,73d79809-cf6d-4802-b900-4406b1e58a88,117.0,2024/01/22,Active
4b2cdc4e-4e70-463a-8245-b08ff3a2e957,66ae192a-d08c-4e18-b4a5-f712a74b151c,679.0,08-03-2024,completed
cb5475bf-3c31-485d-ae35-0ed7ce955086,aa8fb624-4f2f-4eb3-98dd-0b26fc0ea898,732.0,2023/12/28,Dropped
261292e0-7616-43a2-bd9d-49d435e66d4c,14570a44-096b-4227-a7bc-7004b4072f12,750.0,2023/06/03,Active
25ce5ac5-1e22-46b2-a009-48279672663f,2048ba6e-72ec-4f04-bf8b-b8911b908e3f,378.0,2023/08/12,
c536c0a2-4850-4c6b-92cd-1aebb9076ff3,944b0f07-51e8-44c9-b00e-cc67552dad08,672.0,21-10-2023,completed
68edeed7-6f72-4a94-bb49-ecf3b7f8d284,ab13b31a-a4f1-4126-ae0c-2cb51f63ed1f,893.0,2024/09/21,droped
4d73a782-9671-47ec-bab8-ad708d57c064,e5455ccc-35b3-4c0e-b588-489eeffbd197,948.0,2024/04/20,completed
281269bc-5d3c-42be-88a9-7c0fa7fb859f,10e900ff-5857-4862-b105-65b6640b1814,426.0,26-05-2023,Dropped
cdba8621-da62-4307-9753-ba9908087cc4,d0013b99-2fc2-4f20-a3ba-24b1408eff3d,837.0,09-05-2024,Dropped
65c1e162-f76f-4c87-a888-475076a831c7,52d61c9a-dcd1-4d00-b58a-4ffcc8a22fe0,786.0,2024/04/02,Active
becac08c-53b0-4133-90d7-09562205f294,a88d37de-6c1f-4650-b517-272df7797643,924.0,2023/12/19,Active
910aa60d-c063-4a98-aa5d-c3def543c14d,01e780a0-2f18-4049-b329-b6a4de3e0557,782.0,2025/02/22,Dropped
402758b2-f44c-4255-aa07-a49fc8803bae,e0222432-7ca5-4928-97dd-06916a71efda,306.0,2024/01/03,droped
23ed6309-e25c-4f4a-8ac2-2e6d25ee52db,7ecfc226-9a9a-4f1b-8345-d6d33d722c0e,515.0,2023/11/20,Active
2e361846-b885-4367-b3c7-024de84543c7,025c9425-c557-43d3-89d7-cc9c6af98a8b,917.0,21-08-2024,Dropped
ccda78e2-57cc-4c2a-b61c-07e85c58a3be,00b36478-5651-4ab6-9f7e-7e7d9d689315,447.0,2023/07/09,Completed
f82258a7-d306-4664-8585-7b6b7b98ac6e,25d69a97-3608-44da-b3a3-7a7480469354,746.0,2024/01/02,droped
bc8e3e55-db97-451d-a89e-4fa6ae2bcab8,87e7099b-4600-4f33-8146-71a1be7a38c6,292.0,2024/02/16,active
972a355c-fe5e-4b1c-875b-2fe1e3bbeeb7,32586047-9cba-4eda-ad34-3b0f9cca6d2a,460.0,2024/03/21,Completed
ccdf1d3e-bb34-44d1-b327-33efc50bd5b9,b81768f8-f6d2-4b48-b477-c4440a17c5ac,918.0,,
ff2da318-89ee-49ed-8a4a-1b648c1043d4,48d40d84-0b65-4f5f-b4d9-0398c17a608e,505.0,2024/01/02,completed
a085df47-96dd-4159-a847-31030496122f,7979fbb2-1013-4f7e-8ab5-e9f3f70fdc0c,191.0,22-01-2025,completed
76aac248-edd6-4dd7-aad0-9369e0d3f7c1,9267e278-9bd7-49be-a265-eddaea02cc7d,438.0,2023/10/15,completed
9744ceb0-d5b5-484b-90af-9b53ec4f9838,4cdf5063-43c3-4988-b303-7257390ff1c0,856.0,2025/03/11,droped
d115a0ca-09e8-4de2-9a27-77afa6ed0e6b,945e49c7-e785-49d2-ab1e-5fcf3abebcc1,750.0,2023/11/02,Dropped
87dec2ea-0118-42a5-83ef-054265126fe3,f3b6d5ae-38c7-4236-8a61-19f63aae37b5,479.0,16-01-2025,completed
00937ba0-65a0-4e43-bd2d-ca8673020b26,137ba9ec-f569-4392-8c3a-3ed86e152f71,790.0,2025/01/01,active
d07e22a1-8906-44e2-860c-ec89cda40209,6ab075bd-f09e-44ef-8bea-6f03e6453b43,735.0,2023/05/01,completed
bb958291-f3dd-49d1-9e59-06988072cee2,c9b9f6c0-a3d8-43ec-844b-a50dcb6cda6e,405.0,2023/12/12,completed
0d1b293b-a9ce-4593-99a9-a788c4d6afc4,36a25607-9486-4e3c-bd26-7a937f2382b5,174.0,2024/06/06,Completed
c798c498-499d-4830-8d67-6a99a94a3567,ecf60826-3c1e-4ac4-9af0-9b921da9c3c5,722.0,2024/02/15,Completed
2d5f62b0-541e-4d9c-b9c8-ddd88f8d9ef2,03a35aed-3344-4c51-a7f6-55fb8b8943fd,519.0,02-10-2024,active
a5978064-542a-465f-9465-b4666df3be7a,054bffbb-7ad8-46ba-b252-f8f93edf665f,840.0,05-07-2023,Dropped
bb23e712-bfd9-4996-ae5b-6379213fa67b,4ad5433b-a84f-4cf1-ab45-11214218f371,696.0,2024/09/21,Active
,29f5d43d-baaa-48f6-b43f-75d06d2bc99d,684.0,24-01-2024,active
49ed6369-ee86-4beb-83dd-1d6a18fc9899,b109e971-8ad5-4402-bf75-659e4f3ae530,408.0,2024/06/18,Dropped
fb99ac3e-1383-483b-918f-1972a396fc57,da60314c-1f16-4fe5-9f8b-6c1c27d3584c,919.0,15-04-2025,active
10e436c9-3d53-4dee-b41e-2e7c00da1e3f,c229a415-cb5f-4951-8534-f723c75694ac,411.0,14-11-2023,droped
c3d08178-1d05-4dbf-add1-0250f713a7f8,801e5901-1f16-410e-9668-5b027387d896,854.0,03-12-2024,active
771db808-88db-439c-878f-c57dd5cf18c2,ab01f101-7b32-4adb-9f41-c85182c273a9,502.0,2024/08/08,droped
5b33cb3f-1551-4ef5-8916-54e6473eb4b1,2d28746a-5a6d-4285-978f-48ebc9fbe7f1,102.0,2024/02/14,active
f1e7a280-8b99-4282-b075-f9afce7d765b,e9320c6a-04aa-4f68-b9ae-429240121516,367.0,2025/03/28,Dropped
cb165a76-f82c-4c20-8deb-8ab99ecebb21,103d24cf-fdfb-4585-961f-e564c4384a7e,328.0,2023/08/23,Active
85a7797f-290c-47eb-9793-f1952553ff33,31b5276f-88e9-41fd-b085-0679d0b21f98,261.0,24-04-2024,Active
a1ae96a0-c1df-4a89-acba-0cb1fdb99dc1,da7f624b-5716-4640-87a0-424659f43595,516.0,15-02-2024,Active
1a8385f9-6eb1-4e50-81ba-c834caec1d2d,cfd2be23-c69e-473d-832d-f0cccea993a0,859.0,2024/02/25,droped
9efec6c5-30ad-41bb-aae2-c9d1365d395b,961b53af-c601-422f-bbc1-9e2fa3327e99,766.0,19-11-2024,completed
fe36b4bf-f9e4-41bc-9120-653db285d65b,a832d652-d5a2-4613-ba0c-5dc9bea17713,924.0,2025/04/13,completed
8eb58d5c-7e8f-4f03-87e0-3fade9b2af2e,527c9dea-6324-4e63-b535-ddc2c555b4b5,409.0,2024/08/30,Active
0abe31af-e664-4803-b2f9-130d5e6e5122,00f3e866-3026-4bb1-b3f1-df2609502a6c,148.0,2024/07/05,completed
aa21ee30-fcd7-4150-8462-10305afce6a6,56b6b8cc-a612-4e53-9f5e-9c52ef15627d,871.0,06-03-2024,Active
f836a3b0-01e7-419c-9667-a724bfee7aef,15d152b0-76a6-4583-9cac-7b0450aefe0d,109.0,01-08-2023,droped
85406adb-983a-4235-9891-f8cfd7d050be,97c75839-1dd2-4b24-8420-c72d8fb8b736,335.0,02-08-2023,Completed
ff02bf74-8db7-4020-be8d-6bb37932b233,57385567-c2f7-4b1f-b9d4-d2d38d35f50c,538.0,2023/07/21,active
c940e0fa-0850-4d96-8f92-82749ffc7f2b,3efc5196-512b-4c10-a359-3aecd5d16ae2,724.0,2023/12/17,Dropped
4b1fa028-6cf6-4879-9279-60a4897e2ce5,0e0ec75e-1b48-432f-9bd0-f09709f7e468,157.0,17-04-2025,Dropped
ff97588e-f6cd-40d1-aa31-e22b4cda3e1c,d0d14782-421e-4ad4-b226-f24a230d27b8,274.0,07-02-2024,Active
570662ce-47d9-4d10-a72d-6aceffd0dce0,130bb2a3-fb37-4648-a97a-c96dd9885d2a,918.0,04-06-2024,Dropped
4ef253f5-7f8f-4d67-933a-84905d210794,05d1c7ad-6828-40b7-8cc1-032dbd16c038,399.0,2023/05/09,Dropped
2f4d7d4a-53e7-4d02-88ff-eea5fb33740c,232e444c-de97-4f42-97d3-d848b6388b9c,659.0,11-04-2025,Completed
da007c08-997b-47bb-9a58-131a8663686e,185c39ed-1d06-4735-9cce-e87319a1a2d1,366.0,10-11-2023,active
e36ebb7f-517c-4082-9572-f1b3c49b9178,3659fa8c-938f-41ef-aec0-1db71fac9217,993.0,14-07-2024,Completed
0c906c01-3b44-4abc-942e-c8b0cce52711,c2b8efc0-d76a-44da-8fbd-b62246c9ae33,165.0,2024/06/19,droped
dbf7fa26-e9b8-4caf-8a93-0d39c13d3c53,8c871a3a-b67a-4865-8fc3-845b1464cda8,646.0,2025/04/14,Dropped
8bcae422-b0c3-4157-9ecc-020993cdfce8,a86c1d88-8d67-482c-a804-8c914c15b7ec,742.0,06-12-2023,active
c096dbe4-6755-478d-a534-128319b627b5,eb38fcdf-4fd8-4aba-8a6d-c4acee481499,643.0,28-02-2025,completed
5550f4ea-a86b-48b5-97cc-b76c6b905645,230b5490-0d53-4045-bdb8-5b9744e05787,860.0,11-06-2023,active
969b1bad-f1d7-49af-b2f0-9a8c1825068b,7a1b2bb4-e432-423e-9b59-200c0106c378,917.0,22-05-2023,completed
67eedfe9-5c72-45ca-8f3b-6e13781f018a,28a79260-43a8-407e-9b5d-34498abe2e04,811.0,2024/07/20,active
cb4a9aa4-e520-43b6-8faa-2da8f08d5f51,2b1af06e-5585-4445-94fe-88bc3f612028,604.0,2023/09/09,droped
b360e8af-91aa-4b5c-ab0c-bd6ca6032997,cfef7fd7-a17e-4816-9a97-793bdddf8a27,396.0,02-05-2023,Completed
b54a126d-ba8f-4592-b7ea-3bed78669ba9,f5110f36-bce4-408b-ab5b-ce12206ce216,761.0,16-01-2025,Dropped
3d1401de-827a-4e2c-aeb4-eb8edd23a782,ae70f6f5-015a-449b-a86c-d27dfd597efd,307.0,2024/05/29,active
cb6ee774-93a2-414b-85f7-eef8e004c471,30034603-d782-46a7-86b9-2071bad78868,713.0,2024/05/05,Completed
6e025590-0f32-4b39-bce7-c8078c2d23a9,6370e0f7-aab8-4c30-9cfe-793d360496b6,728.0,2023/09/15,completed
5821f077-4aee-4cef-871c-aa58d334dce9,973cb616-f945-4fd4-a78e-a95f22deb12c,738.0,03-03-2024,Dropped
44f4caeb-49a4-443e-940d-8bcce926aa56,e3bab56c-db2b-4d4f-9dcb-65be3fc0796e,858.0,24-07-2023,Completed
a5f97430-4147-4202-ab93-cfe0b4f7af31,fa5223bb-005f-4337-bf67-c68a9af20d53,263.0,17-07-2023,active
bf2d57e1-30f0-4f6b-973a-905867d1cb6f,939d1b61-20d1-40ae-b0f9-08d240c06d72,928.0,09-09-2023,droped
1eb6d3f0-9488-41cb-a40c-d0eed07f8c45,21e8265a-3fb0-4e1b-abc8-36cff798bd22,219.0,2024/10/22,Active
3fffbc75-ff86-4deb-bb19-5b020a4af40d,127ba660-bb33-4cf7-8beb-a1debeb07722,695.0,2024/10/01,Dropped
37d7bd4a-f718-46ad-a209-cd5f650c4a03,9317545d-1cd4-4dff-b59b-39fa46cbeb60,946.0,2023/04/21,Active
1c5bb4ce-b79c-4fc9-b5cf-fe16a6dfd693,69d1b037-0385-4534-b23b-be88d478f5dc,365.0,11-07-2023,droped
24f6548d-7273-4998-b4d2-44cd57632be7,c91ceaae-a5e0-4cfd-b96c-a7ff25a0f9e2,328.0,23-07-2023,droped
fa2d0e68-533a-43b3-9e66-d8fade69c076,84d465df-a8d6-4147-a0f4-1905693f9bc7,260.0,28-09-2024,Active
3398b604-a9c2-471e-b183-6f01466aa217,34efa156-255a-4787-a292-bd6cdb95e988,481.0,15-02-2024,droped
aa759a8a-deb5-4d16-b020-d03f5a69e2c6,3e2613ab-a98c-49cf-b25f-3382dbad54e6,611.0,2024/05/03,active
6ffcc6e5-461e-44a3-b2fb-094a7d296f9c,6eec50cb-00c8-4e9a-808a-5d2f0c86e6b6,669.0,2024/04/13,completed
e3915adc-c809-4083-8fb8-3639289a580f,75707bd6-bf92-4ea5-8f41-7135d56cb5e4,143.0,30-05-2024,droped
1c444135-69d4-4e06-b42e-d9b44a00ae99,488fedb6-2404-466d-8986-9729e19d4f0a,591.0,2023/11/21,Dropped
03864649-c4e0-41c7-ad18-50e92d53cf30,87935d69-c33b-403e-8923-527f7925dc65,991.0,2023/06/08,active
4d9e3b99-590c-4cdc-b455-767a9623d848,336fc177-7308-45d1-b96c-c19ca4ed91b8,774.0,04-10-2024,Completed
7a11df76-d6e7-4f73-868e-bdf8dd252141,2913cb76-4507-4807-a3fe-0717f6a878cc,117.0,26-04-2024,Active
222c2fd2-e7a1-46d2-b029-3dbb3876fdaa,a52d2946-3c03-432c-87f0-20cf0463aa5e,215.0,2024/04/30,droped
f2d1e6c1-fc8a-4016-b808-0dba6273f164,ef19117f-a452-4def-827b-8c898d3f433b,582.0,2023/08/09,Completed
5eeefb7f-b8a3-4c0c-8486-66971c1d73b3,194d397d-b09d-4d19-813b-4e2085a3a473,689.0,16-11-2023,droped
cca97f81-8438-4157-a885-f19edcac3096,05325a3e-6759-4978-bf14-43324f6a648f,158.0,2023/06/06,active
1b6c2937-e282-4170-b508-0d9c91312064,40898b7c-4866-4469-a616-29803dc0f8cf,,06-01-2025,droped
ab1f5666-f52a-42c4-81fb-0bf53e8a1072,9d148109-db18-4efb-8e53-4765ee6e5ef6,,08-07-2024,Active
ebfce2d6-87a8-4adf-aca7-7d15cc8ae9ca,fa3a4705-7f3d-4bf9-a0a5-1b742ed5a161,663.0,2024/06/02,Active
05028ad9-f568-484d-a62b-2cda00dce949,c50a2d22-b08c-49fa-84bb-f71153cef524,775.0,22-06-2024,Completed
005fb765-575f-4108-9165-3dbc6b732c7a,1bc47161-2ff7-4a57-b183-eab07b2413e8,874.0,08-11-2024,Active
6cc2e20f-c3a0-4289-b88b-a4454e6c2bae,459df649-cdf9-41d6-b22e-d234404c86f1,993.0,2024/07/17,Active
ab7a63e3-66e6-4f92-a0fc-1ea83310401b,90b1f965-9a00-44e2-b5ed-6b7fd7876a50,185.0,30-06-2024,droped
78cb7469-6142-494a-9899-598d5b5cfadf,3eb0b8d1-e3e7-432d-b23e-ab009fe70bb8,281.0,27-12-2023,droped
5b5c87cf-560d-4b39-9b98-8c390bb9c606,,176.0,02-01-2024,Active
f51ed666-6e4a-4daa-ba42-87f37e3f1d45,13865151-b092-4979-8434-d8b88ffbc222,969.0,08-07-2023,Active
3b36c46e-2312-471f-a55b-5c6590ae41e4,34783752-0b3b-41a9-9dd6-52a86925f2d5,641.0,15-04-2024,Completed
bd15e59b-fef6-49d7-88f4-7eed69906abf,fd61de15-ae53-419c-9a44-fca112962c6d,873.0,2024/06/18,
3881e713-22be-40bc-b7eb-178670f7cd82,5ef1cb5b-37ed-4e1a-b6eb-aef4bcef2c15,202.0,2023/07/03,active
eb0f61a4-02fe-40e2-81a7-22d6095fa845,fdc6dba9-1eca-40e9-a8bd-47aa9666600e,519.0,22-11-2023,droped
73288280-e3ca-4915-96b0-356ca49ce87c,573f9ac9-17ee-4fc7-b586-8ed1e4a2618e,654.0,2025/04/05,Active
17f04802-1e68-4eac-9c9d-39253c98fe89,992bba0e-ca85-4fe4-8014-c0f8ce2fbaf4,849.0,2024/06/09,Dropped
c2cb0bc7-f032-4337-a10d-27dcbf153b90,b062166c-79db-43f9-8b4e-c2ee3dbff049,274.0,2023/11/20,active
c1e0248e-a844-4e0b-aac2-fc1e8a83e68d,ed1d4adb-01a0-460b-ba89-c34bb2247627,619.0,01-02-2025,Active
37634604-fe04-4d5a-912b-32e67d531cdc,54aba577-e331-4ee6-a96c-5060cbb474a3,109.0,2023/07/05,droped
3ab551e6-9537-4272-80f2-835e16b5b5fc,000616d1-4715-40e4-935f-6c60ecc06aeb,586.0,2024/03/15,completed
5b5dc6ed-ef45-49fb-9955-5d44b245e656,b2290f1c-8e68-40c1-b3cd-9709c0da1043,596.0,24-08-2023,droped
fb0f79e5-18f6-4e0c-bd28-98b006e2e080,aad414ad-0577-40c3-925b-3545a0909a10,672.0,2023/11/18,active
282e25e3-d283-4c0d-ac0c-a9c0314a9ace,bb8133fb-0b92-4003-bccb-296d3bf5d00a,616.0,05-09-2023,Active
3298d758-3585-4c00-93c8-74bd32239f5d,0fafba84-75fa-49f2-8b85-1e2621f3eb6f,451.0,13-09-2024,completed
226f93e7-9e5f-492d-b9c2-92597310453d,e988a44d-b9ca-4928-9e2d-22f6080fc9b3,,01-11-2024,droped
c1afd792-a08b-40ef-9ddc-46f0344410e5,d5b1f09d-4cb2-4b3d-82d6-f712e1529522,275.0,03-10-2024,Active
10325480-b01b-4658-a767-ec016e8bebd6,79465f66-28b8-4cc2-a6b2-3125d568192f,666.0,06-02-2024,droped
08fe3f40-5fe1-4173-abdf-3df401f39146,d7c8ccb8-af37-4fbe-acd3-13178874a1c5,632.0,,droped
c3b0de86-15b7-4e01-9bc8-41bd6b9c7e6b,275b7c2c-12be-46cb-b637-8db328542b64,142.0,2024/03/06,droped
b31eb8f5-3ab0-4847-af43-27cc1bc2b4b4,b6b4d8e7-4421-41e1-aa8b-5fc8d006862a,368.0,27-05-2024,Completed
ad592953-e242-47fc-8e14-4e1fb6b6815c,ee9afb6b-e6a2-4a40-b331-076087e6d238,557.0,21-07-2024,Active
95eb3914-eac9-4c18-b63e-7ed4e6233aa1,73fb6c56-e2ea-4644-947e-1c39fc0221b4,795.0,2023/08/19,active
8868b644-9822-4d58-bf49-a81cd42aa238,f42050e8-3730-4f79-913a-27afa9179e02,199.0,01-04-2024,droped
d6315151-9c67-4338-ac11-0a436cc55999,50d3b1d6-4778-49ce-b1f0-7cbecb728b16,559.0,2023/11/07,active
bbc10bbe-ed1c-4d70-b6d2-58239b354089,052089dc-d5eb-4f69-8595-4f39cc5d86e4,999.0,18-09-2023,Dropped
c5c65d8a-6022-4afc-8ba8-216267e39166,174d65c0-ed60-48d9-b701-9d4489131a4a,225.0,2025/02/26,completed
b1cbe822-cbee-4876-9d87-6a3e94d6cbb0,3ad0190f-0dc5-4340-a69c-db5b207495ab,144.0,2024/11/11,Completed
db6fdf8b-f316-491d-8896-4456b344dde4,6504f7a9-7ab4-4358-8f60-68e71cf85fc4,483.0,25-03-2025,Active
bcd42854-b663-4e4c-94a6-4978a64fcefb,8498a96b-0d86-40ca-a29d-a816d1138946,546.0,05-09-2023,Completed
cc87858c-3b57-45df-a034-5e6889fd911f,0cfe7cdf-e872-4557-bd90-49bb205d8635,227.0,2024/05/17,Dropped
e2696a73-8b2d-4d83-9b5d-e3c9dbb9c173,8d620ba6-89fc-47cf-bdd2-995612fcff49,364.0,2023/06/22,completed
17f2029c-899d-44da-866b-5f4456d00a82,8c85328e-5502-4c67-82da-15724278f61e,711.0,2023/08/02,active
6d7f1aa3-0b44-4ceb-ada5-ba63d3ff0631,348e90ae-d680-4541-99a9-a8347d91f485,,05-08-2023,completed
b2e2f3cc-3873-435f-8a3f-48a4cd88e44e,25d7ad5e-8498-440a-96e1-cf6ba2e13d75,818.0,,Active
b88e33d1-6c10-46cd-9249-944e713db204,bcdc99ef-1485-4949-8bf6-40eaa244496a,989.0,2024/11/29,Dropped
ae6c3a9b-2a25-4ecc-b5fd-7d83526443ba,56724b4c-d8e3-4b62-be24-fcd446bc55db,535.0,12-05-2023,droped
c7b13265-02f3-4ad2-83f6-76020879a480,b0ddbe62-aa35-4738-867a-56e306fe8fcf,275.0,2023/05/07,completed
07c4d918-b91c-4d9d-8f41-c7cadce61522,c1ef5aef-2a38-446e-928f-234615690641,218.0,2024/11/15,droped
14c08edd-95f9-4545-a315-0039ced7430d,7b1463c9-30bf-4f5a-b01d-e9361527690a,153.0,03-01-2025,droped
e4f078a1-c89d-43e7-b060-ee6319279b44,0ea7c6ed-5f1d-4663-a5c5-afe189fdf534,582.0,2024/12/20,completed
9ad8cfa7-f7f9-4812-bf9b-d810a17f2016,fd07f913-2657-4bb6-b81f-2807069d887f,849.0,2024/01/18,Completed
1d7af727-ac13-44e8-a109-18c950168bd5,a54680ad-8107-45f3-aa0c-e0e1cb70c67b,684.0,2023/11/30,droped
28c635ff-42c4-4e37-8ac9-8d23c0a5c337,25dfa1fb-d011-4cb3-8bb7-ecee15c535c9,647.0,28-07-2024,Active
7a0e2539-8a3e-40b5-938d-f7c1ab0b74fc,e9066120-85b0-49fe-bdbb-4c184984e0ab,305.0,05-12-2024,active
d3090fc5-2cfc-4fb4-a68c-3b15139c4fd6,9f24c788-805c-42d7-89fa-68d6c362f40b,931.0,21-12-2024,Active
780826ff-6123-4319-9069-c0570adea5db,,947.0,09-05-2023,active
00b73636-0c81-43cc-9965-ef480b4d2de2,3ee07bb3-e2c3-40af-82e3-97d9a97b43bd,518.0,06-02-2024,Dropped
16b44b0c-576b-4523-a2fc-ab345868ffda,466b9910-8411-49cd-b951-75be5c89158a,151.0,03-06-2024,Dropped
